title_phrases,n
Target Drone,16.0
Preparation Method,9.0
Unmanned Aerial Vehicle,8.0
Drone Aircraft,6.0
Rotary-wing Drone,6.0
speaker System,6.0
Underwater Drone,6.0
Reconnaissance Drone,5.0
vertical Take-off,5.0
aircraft I.e,4.0
Drone Larvae,4.0
Naval Platform,4.0
Remote Control,4.0
sensor System,4.0
air Drone,3.0
Control Method,3.0
dynamic Point,3.0
fire Suppression Delivery System,3.0
Mobile Network,3.0
Multiple Rotors,3.0
speaker Device,3.0
underwater Vehicle,3.0
unmanned Drone,3.0
Video Camera,3.0
Voilure Tournante,3.0
Activated Explosives,2.0
Active Additive,2.0
Active Food Additive,2.0
Adsorbed Drone Brood,2.0
Aerial Drone,2.0
Air Conditioner,2.0
Airborne Drones,2.0
Anti-inflammatory Effect,2.0
autonomous Mission Profile Planning,2.0
Auxiliary Equipment,2.0
ball Target Machine,2.0
Bee Products,2.0
body Capacitance Electric Field Powered Device,2.0
Bone Fractures,2.0
broadband Access System Via Drone/uav Platforms,2.0
Control Device,2.0
Control System,2.0
Control Unit,2.0
Drone Brood,2.0
Drone Plane,2.0
Drone Pupae,2.0
Drone System,2.0
Dynamic Wireless Ad-hoc Networks,2.0
Efficient Sub-woofer System,2.0
Electric Motors,2.0
External Devices,2.0
fighter Device,2.0
flight Control System,2.0
Flying Drone Apparatus,2.0
Flying Object,2.0
Gyropendular Craft,2.0
helicopter Drone,2.0
High Accuracy,2.0
high Speed Surface Craft,2.0
High Voltage Lines,2.0
Horizontal Flight,2.0
Horizontal Speed,2.0
Increasing Total,2.0
Intermediate Device Aspects System,2.0
Landing Miniature Drone,2.0
making Method,2.0
Manufacturing Supply Packs,2.0
Mobile Phone,2.0
moving Target Drone,2.0
Neuron Command,2.0
One-dimensional Target Drone,2.0
Operational Area,2.0
Osteoporosis Diseases,2.0
Pharmaceutical Composition,2.0
Power Lines,2.0
practice Bagpipe Chanter,2.0
precision Parachute Recovery System,2.0
printed Circuit Board Replacement Structure,2.0
procede De Pilotage D'un,2.0
production Method,2.0
Production Technology,2.0
remote Marine Craft System,2.0
robotic System,2.0
room Sterilization Method,2.0
solar Drone,2.0
Structural Partitions,2.0
Submersible Craft,2.0
Submersion People,2.0
Sunroof Deflector,2.0
supply Packs,2.0
Target Designator,2.0
transaction Card System,2.0
Unauthorized Usage,2.0
unmanned Aerial Plane Launching System,2.0
unmanned Aerial Vehicles,2.0
Unmanned Plane,2.0
Unmanned Vehicle,2.0
Vertical Take,2.0
Via Virtual Touch Screen Gesture Control,2.0
wearable Augmented Reality Eyeglass Communication Device,2.0
1# Frame,1.0
"14alpha,17alpha-c2-Ã¼berbrÃ¼ckte 19-nor- Progesteronderivate",1.0
180 Degree,1.0
"3-acyloxy-2,3-unsaturated Ketones",1.0
"3-halogeno-2,3-unsaturated Ketone",1.0
3d Model,1.0
3d Motion,1.0
Absorption Unit,1.0
Accelerated Consolidation,1.0
accelerated Learning,1.0
acceleration Corrected Attitude Estimation Systems,1.0
Access Management,1.0
Accident Prevention Supporting Structure,1.0
Accurate Gps Data,1.0
Acoustic Information Exchange,1.0
Acoustic System,1.0
acoustic Weapon I.e,1.0
Acquiring Three-dimensional Geometry,1.0
acquisition Device,1.0
Acquisition Unit,1.0
Acrylic] Ester] Copolymer,1.0
Activating Function,1.0
Activation Means,1.0
Active Anti-aircraft Fire Zone,1.0
active Attack Detection System,1.0
active Bee Product,1.0
Active Dietary Supplement,1.0
active Dipole Inlet,1.0
Active Food Supplement,1.0
active Geometric Exoskeleton,1.0
Active Ingredient,1.0
Active Metabolites,1.0
Active Phase-aerial,1.0
Active Pollution Filter Drone,1.0
Active Position,1.0
Active Preparation,1.0
Active Structures,1.0
Active Target Kill Zones versions),1.0
Actoprotective Effect,1.0
Actoprotector Actions,1.0
Actual Target Distance,1.0
actuator Fault Diagnosis,1.0
Adapted Pest Control,1.0
Adaptive Control,1.0
adaptive Control Method,1.0
Adaptive Unknown Input Observers,1.0
Additive Manufacturing,1.0
adjustable Mechanical System,1.0
Adsorbed Drone Brood Homogenate,1.0
aerial Composite Solar Power Plant,1.0
aerial Inspection System(s),1.0
Aerial Reconnaissance Drone,1.0
aerial Releasing Type High-altitude Gliding Drone Aircraft,1.0
Aerial Vehicle's aka,1.0
Aerodynamic Drag,1.0
aerodynamic Layout,1.0
aerodynamic Surface,1.0
Aerodynamic Thrust,1.0
aerodynamischer Multikopter,1.0
aerodynamisches Oder Hydrodynamisches Profil,1.0
Aeronef Associe,1.0
Aeronef Commande,1.0
aerostat Assembly,1.0
Air Current,1.0
air Filter,1.0
Air Guide Part,1.0
air Straight Flow Type Drone,1.0
Air-borne Reconnaissance Drone,1.0
airborne Biota,1.0
airborne Data Collection,1.0
airborne Drone Formation Control System,1.0
airborne Equipment,1.0
Airborne Soil Moisture Sensor,1.0
Airborne Target Device,1.0
Airborne Visualization,1.0
Airborne Weapons Module,1.0
Aircraft Altitude Measurement System,1.0
Aircraft Angular Flight,1.0
aircraft Avoidance Method,1.0
Aircraft drone,1.0
aircraft Dynamic Controlling Device,1.0
aircraft Launching Catapult,1.0
Aircraft Target Practice,1.0
Aircrft Catapult System,1.0
Alarm Signals,1.0
alarm System,1.0
Alcoholic Beverages,1.0
Alive Pure Drone Pupa,1.0
"alkoxy-alkyl-substituted 1-h-3-aryl-pyrrolidine-2,4-diones",1.0
all-station Instrument,1.0
Almond Oil,1.0
Alternative Fuel Source,1.0
altitude Estimator,1.0
Altitude Signals,1.0
amphibious Gyropendular Drone,1.0
amphibious Unmanned Plane,1.0
Anaerobic Deflagration Internal Piston Engine,1.0
Anaerobic Fuel,1.0
Analog/digital Control Systems,1.0
Analysis Unit,1.0
Andrological Diseases,1.0
Angular Velocity,1.0
Animal Organism,1.0
Animal Organism Defensors Functioning,1.0
Annual Reproduction Technique,1.0
Another Drone,1.0
Another Hole,1.0
Antennas Co-located,1.0
Anti Hepatitis B Virus,1.0
Anti-aircraft Guns,1.0
Anti-aircraft Missiles,1.0
Anti-inflammatory Amd Wound-healing Effect,1.0
anti-interference Drone Path Tracking Control Method,1.0
anti-missile Attack Type Missile,1.0
anti-obesity Agent,1.0
anti-terrorist Shooting-head Target Drone,1.0
Anti-varroosis Protection,1.0
antineoplastic Drug Evaluation,1.0
antisense Oligonucleotide,1.0
antitank Rocket Complex,1.0
Antituberculous Remedy,1.0
Antitumor Medicine Screening,1.0
aparelho De Lancamento De Veiculos Aereos,1.0
Apiphytotherapy Compounds,1.0
apis Mellifera-derived Antimicrobial Peptide,1.0
Apoptosis Gene Caspase-4,1.0
Application Performance,1.0
Appraisal System,1.0
Approach Phase,1.0
Approach Zone,1.0
aquatic Animal Shaped Unmanned Drone Vessel,1.0
Aquatic Exploration,1.0
Aquatic Medium,1.0
aquatic Sports Target Drone,1.0
Aqueous Solutions,1.0
ar Glasses,1.0
Arctic Conditions,1.0
Armoured Vehicles,1.0
Array Controllers,1.0
Arresting Gear,1.0
artificial Beehive,1.0
Artificial Breeding,1.0
artificial Comb,1.0
Artificial Insemination,1.0
Artificial Satellite,1.0
Aspiration Unit,1.0
Associated Methods,1.0
Associated Processing Methods,1.0
Associated Risks,1.0
Associated Unmanned Ship,1.0
Assuring Floatability,1.0
atmosphere Visibility,1.0
Attack Module,1.0
Attack System,1.0
Attacking Target,1.0
attitude Control Method,1.0
Atypical Osteoporosis,1.0
audio System,1.0
Augmented Reality Comprising Combined,1.0
ausbildungssimulationssystem FÃ¼r Ein Drohnensystem,1.0
auto Attack Drones,1.0
Automated Collective Mobile Robotic Vehicles,1.0
Automated Control Coupling Mechanism,1.0
Automated Data Processing,1.0
automated Defence System,1.0
automated Drone Package Receiver Module,1.0
Automated Glass Cleaning Flying Drone System,1.0
Automated Identification,1.0
Automated Package Delivery,1.0
Automated System,1.0
Automatic Alignment,1.0
automatic Compass Calibration System,1.0
automatic Constant-temperature Chinese Drone Beehive,1.0
Automatic Delivery,1.0
Automatic Drone Landing,1.0
Automatic Gearbox,1.0
Automatic Guiding,1.0
automatic Horizontal Roll,1.0
Automatic Hovering-flight Stabilisation,1.0
automatic Image,1.0
Automatic Landing/take-off,1.0
Automatic Pilot,1.0
automatic Pilotless Diagnostics Complex,1.0
automatic Rotary,1.0
automatic Rotary Target Drone,1.0
automatic Shot Result Reporting Device,1.0
automatic Takeoff Method,1.0
automatic Target Control Device,1.0
automatic Target Drone Sways,1.0
automatic Target Indicating Apparatus,1.0
automatic Target Report Device,1.0
automatic Trajectory Planner,1.0
Automation Block,1.0
Automobile Assembly,1.0
autonome Abc-sonde,1.0
autonomes Und Automatisches Landesystem FÃ¼r Drohnen,1.0
autonomous Conveyor Interfacing Aerial Delivery,1.0
autonomous Flight Quadrotor Drone Road,1.0
autonomous Ground Station Interfacing Aerial Delivery,1.0
autonomous Unmanned Tower Military Mobile Intermodal Container,1.0
avigation Close Range Photography Displacement Measurement System,1.0
axle Gearing,1.0
Bag Pipes,1.0
Bagpipe Drone,1.0
bagpipe Drone Reed,1.0
bagpipe Drones,1.0
bagpipe Joints,1.0
bagpipe Reed,1.0
bagpipe Reed System,1.0
Bajas Frecuencias,1.0
balise De Jalonnement,1.0
barnes Hain Bridal Cane Drone Reed,1.0
Barrel Stave-type Transducer Array,1.0
Barrier System,1.0
Base Target Engagement,1.0
Based Powder,1.0
Bayonet Joint,1.0
Bee -keeping Usefulness Separates King's Bars,1.0
Bee Bread,1.0
Bee Breed Preserved Homogenate drone Breed,1.0
bee Breeding Method,1.0
Bee Brood,1.0
bee Honey Product Formula,1.0
bee Pollination Technology,1.0
bee Pupa Beverage,1.0
beehive Frame,1.0
beehive Stand,1.0
beekeeping Composition,1.0
Behandling Og Forebyggelse Af Sygdomme,1.0
Bellow-type Bagpipes,1.0
bemanntes Oder Unbemanntes FluggerÃ¤t,1.0
"benzo [e] Isoindazole-1,3 Diketone Compound",1.0
Bidirectional Transmission,1.0
bioaerosol Transmittance Tester,1.0
biological Health-care Product,1.0
bionic Comb Foundation,1.0
bird Repellent System,1.0
Bis-haloalkylene Sulfides,1.0
Blast Air,1.0
Blood Fat,1.0
board Game,1.0
Board Memory,1.0
body Capacitance Electric Body Capacitance Electric Field Powered Device,1.0
body Molding Pipe Bag Cover,1.0
boitier Electronique,1.0
bollet Nose,1.0
Bombus Spp,1.0
Bone Health,1.0
Bord Einer Drohne,1.0
bracket Sprayer,1.0
breathing Biofeedback Device,1.0
Breeding Encarsia Sophia Drones,1.0
Breeding High-quality Anti-mite Bee Variety,1.0
Breeding High-quality Mite-resistant Bee Species,1.0
Breeding Host,1.0
Breeding Sclerodermus Pupariae Yang,1.0
breeding Technique,1.0
Bridge Construction Patrol System,1.0
Bridge Steel Structure,1.0
broadband Access,1.0
Broadband Access System,1.0
Building Maintenance Method,1.0
building Maintenance System,1.0
Bulk Dump,1.0
Bulk Quality,1.0
Bulk Quality Measurement Unit,1.0
Bull's Eye,1.0
bullet Collector,1.0
Calculation Unit,1.0
Camera Calibration Target,1.0
Camera Marking Method,1.0
Camera-dart System,1.0
Camv 35s Promoters,1.0
Capsaicine Compound,1.0
captive Drone Aerial Observation System,1.0
Captive Unmanned Drone Models,1.0
Car Combination,1.0
Car Roof Channel Door,1.0
cargo Aircraft,1.0
Carpathian Bees,1.0
carrier Block,1.0
carrier-based Modular Optronic System,1.0
Cartographic Representation,1.0
Catapult Launcher versions),1.0
Catch Line,1.0
Cell Microscopic Image Information,1.0
cellular Shell,1.0
Central Space Protecting Energy Generator,1.0
Ceramic Material,1.0
Change Angle Blades Rigid Rotors,1.0
Check-and-adjust Hardware,1.0
Chemical Detection,1.0
Chinese Bees,1.0
Circular Inside,1.0
Circular Landing Grid,1.0
citronnellyl- Und/oder Dihydrocitronellyllactate,1.0
close-range Photogrammetry Drone,1.0
Cloud Formation,1.0
Cloud Precipitation,1.0
Cloud Technology,1.0
CN 102257989,1.0
CN 102929471 B,1.0
CN 103217249 B,1.0
CN 103518800 B,1.0
CN 103710197 B,1.0
CN 103710237 B,1.0
Coal Bulk,1.0
coffee Drink,1.0
Cognitive Therapy,1.0
cold Start Fuel System,1.0
collecting Container,1.0
Collecting Gaseous Sample,1.0
Collecting Honey,1.0
Collecting Image Datas,1.0
Collecting Images,1.0
Collecting Optical Signals,1.0
Collecting Samples,1.0
Collecting Video Information,1.0
Collecting Zones Rotating Blade,1.0
Comb Foundation,1.0
Combat Helicopter,1.0
Combat Helicopters,1.0
Combat Unmanned Aerial Vehicle Guided Arm,1.0
Combat Unmanned Aerial Vehicles,1.0
Combat Zone,1.0
combined Drone Aircraft,1.0
combined N-type Queen-isolating Nest Door,1.0
combined Type Beehive Door,1.0
Combustion-chamber Combustion Fluctuations,1.0
Command Transmitter,1.0
commercial Airliner Missile Protection,1.0
Common Output,1.0
Common Tangent,1.0
Communication Mobile Station,1.0
Communication Network,1.0
communication Node,1.0
compact Single-operation Safety Device,1.0
Compares Two Sets,1.0
Compensation Du Vent Lateral,1.0
Compensatory Propulsion,1.0
Complex Activation,1.0
complex Api Preparation,1.0
Complex Fast Control,1.0
Complex Indoor Combat,1.0
Comportant Un Drone,1.0
composite Enzymolysis Technology,1.0
Composite Planar Target Drone,1.0
Compound Propolis Granule Preparation,1.0
comprehensive Intelligent Target-scoring System,1.0
Compressed Video Streams,1.0
Compresses Camera Image Data,1.0
Computer-readable Medium,1.0
Conducting Rim,1.0
Configuration Uav,1.0
confirmation System,1.0
Connecting Actuators,1.0
Connecting One End,1.0
Construction Use,1.0
Context-aware Application Control,1.0
Contra Rotating Propellers,1.0
Contra-rotating Impeller Lift Jet Fans,1.0
Control Computer,1.0
Control Modules,1.0
Control Signal,1.0
Control Surfaces,1.0
Control Systems,1.0
Control Therefor,1.0
controlled Detonation Charge Ignition,1.0
Controlled Flight,1.0
Controlling Aircraft,1.0
controlling Apparatus,1.0
Controlling Bursaphelenchus Xylophilus,1.0
controlling Device Operation,1.0
Controlling Duty Cycle,1.0
Controlling Fuel Delivery,1.0
Controlling Hand-over,1.0
Controlling Method,1.0
Controlling Monochamus Alternatus,1.0
Controlling Operating Condition,1.0
Controlling Station,1.0
Controlling Vehicle,1.0
Controlling Vehicular Traffic Flow,1.0
convertible Drone Rotorcraft,1.0
conveying Target,1.0
Cool Roofs,1.0
cooling Cycle,1.0
corona Blowing Head,1.0
Corona Effect,1.0
Corresponding Method,1.0
Corresponding System,1.0
Cosmetic Agents,1.0
cosmetic Curative-prophylactic Cream-mask,1.0
Cosmetic Formula,1.0
Coupon Exchange,1.0
Craft Ulitizing Hyperbolic Systems,1.0
credit Card Communication System,1.0
Criminal Apprehension Coordinated Improved System,1.0
Crisis Negotiation,1.0
crouse Big Mouth Barge Skimmer,1.0
crouse River Rail System,1.0
cruise Target Missile,1.0
cruise Target Projectile,1.0
Curved Steering,1.0
Curved Trajectories Around One,1.0
Cyclonic Wind Damage,1.0
D Group Vitamins,1.0
ð¡Ð¿Ð¾ÑÐ¾Ð± ÐžÑ‚Ð±Ð¾Ñ€Ð° Ð¢Ñ€ÑƒÑ‚Ð½ÐµÐ²Ñ‹Ñ… Ð›Ð¸Ñ‡Ð¸Ð½Ð¾Ðº Ð¡ ÐÐ°Ð¸Ð²Ñ‹ÑÑˆÐµÐ¹ Ð‘Ð¸Ð¾Ð»Ð¾Ð³Ð¸Ñ‡ÐµÑÐºÐ¾Ð¹ Ð¦ÐµÐ½Ð½Ð¾ÑÑ‚ÑŒÑŽ,1.0
Ð¡Ð½Ð¸Ð¶ÐµÐ½Ð¸Ñ ÐžÐ¶Ð¸Ñ€ÐµÐ½Ð¸Ñ,1.0
ð‘Ð¸Ð¾Ð»Ð¾Ð³Ð¸Ñ‡ÐµÑÐºÐ¸ ÐÐºÑ‚Ð¸Ð²Ð½Ð°Ñ Ð”Ð¾Ð±Ð°Ð²ÐºÐ° Ðš ÐŸÐ¸Ñ‰Ðµ,1.0
ð‘Ð¸Ð¾Ð»Ð¾Ð³Ð¸Ñ‡ÐµÑÐºÐ¸ ÐÐºÑ‚Ð¸Ð²Ð½Ð°Ñ Ð”Ð¾Ð±Ð°Ð²ÐºÐ° Ðš ÐŸÐ¸Ñ‰Ðµ Ð”Ð»Ñ ÐÐ¾Ñ€Ð¼Ð°Ð»Ð¸Ð·Ð°Ñ†Ð¸Ð¸ Ð£Ñ€Ð¾Ð²Ð½Ñ ÐÐ½Ð´Ñ€Ð¾Ð³ÐµÐ½Ð¾Ð² ÐœÑƒÐ¶Ñ‡Ð¸Ð½,1.0
ð‘Ð¸Ð¾Ð»Ð¾Ð³Ð¸Ñ‡ÐµÑÐºÐ¸ ÐÐºÑ‚Ð¸Ð²Ð½Ð°Ñ Ð”Ð¾Ð±Ð°Ð²ÐºÐ° Ðš ÐŸÐ¸Ñ‰Ðµ Ð”Ð»Ñ ÐŸÑ€Ð¾Ñ„Ð¸Ð»Ð°ÐºÑ‚Ð¸ÐºÐ¸ Ð­Ñ€ÐµÐºÑ‚Ð¸Ð»ÑŒÐ½Ð¾Ð¹ Ð”Ð¸ÑÑ„ÑƒÐ½ÐºÑ†Ð¸Ð¸ Ð£ ÐœÑƒÐ¶Ñ‡Ð¸Ð½,1.0
Damaging Object,1.0
dampening Apparatus,1.0
danger Warning,1.0
Dangerous Dynamic Objects,1.0
Das Kontinuierlich Und Kontrolliert Verformt Werden Kann,1.0
data Collection Network,1.0
Data Processing,1.0
Data Relative,1.0
Data Transmitter Devices,1.0
DE 3923740 C1,1.0
De Distribution D'hydrogene,1.0
De Recuperation D'un Drone,1.0
De Vue Par Une Camera Embarquee Avec Minimisation Des Mouvements Perturbateurs,1.0
Dead Bees,1.0
Decision Making Support,1.0
Dedicated Equipment Therefor,1.0
Defense Application,1.0
Defense Virtual Simulation System,1.0
Defined Manner,1.0
delivery Data Server,1.0
Det Mandlige Urogenitale System,1.0
Detachable Active Plate,1.0
Detachable Attachment,1.0
detection Method,1.0
Detection System,1.0
Determining 3d Coordinates,1.0
Determining Drone Target Topological Relation,1.0
Determining Emissions,1.0
Determining New Points,1.0
Determining Position,1.0
Determining Short Propagation Times,1.0
determining Threats,1.0
Determining Well Productivity,1.0
detonator Target Drone,1.0
Developing Broadspectrum Antibiotic,1.0
Device Makes Azimuth Angle Equal,1.0
Diagonal Manner,1.0
Die Metalchelate Von Herbiziden Dionen Enthalten,1.0
Die Sie Enthalten,1.0
Diesel Engine,1.0
Different Fluid Flow Velocity Fields,1.0
Different Oscillations,1.0
Different Wireless Field Device Networks,1.0
digital Clearance,1.0
Digital Clearances Received On-board,1.0
Digital-analog Adaptive Control Signal,1.0
direct Impact Aerosol Sampling,1.0
Direct Power Transmission,1.0
Directional Control,1.0
Disappearing Target Drone,1.0
Diseases versions),1.0
Displacement Direction,1.0
Displacement Information,1.0
dispositif D'accueil D'un Drone Sur Un Vehicule,1.0
Dispositif De Determination D'une Interdistance Entre Un Drone,1.0
dispositif De Lancement,1.0
dispositif De Largage,1.0
dispositif De Transfert D'energie,1.0
dispositif Permettant Le Controle Non Destructif De Structures,1.0
Distance Par Ondes Acoustiques Sur Un Objet En Mouvement,1.0
Distributed Data,1.0
Distributed Intelligence Network,1.0
distributed Path Planning,1.0
Distributed Proximity Operations,1.0
divided Type,1.0
Dividing Result,1.0
Diving Submarine,1.0
Donor Blood,1.0
doppelstocktrogbeute FÃ¼r Die ZweivÃ¶lkerbetriebsweise Zur GÃ¤nzlichen Schwarmunterbindung,1.0
Double 1-dimension Drone,1.0
double Surface Drone Based Flow Type Tri-dimensional Visual Measurement Splicing Method,1.0
double Tap,1.0
double-sensor Laser,1.0
Double-sided Modification Design,1.0
Down Drone,1.0
Downloading Music,1.0
dr One System,1.0
Drift Quantity,1.0
Drive Shaft,1.0
drive System,1.0
driving Assessment,1.0
dron Flight,1.0
Drone Activities,1.0
drone Aircraft Flight Control System,1.0
Drone Aircraft Uses Telecommunications Network,1.0
Drone Angular Flight,1.0
Drone Angular Motion Onboard Control Systems,1.0
Drone Assembly,1.0
Drone Associes,1.0
drone Aurelia Collector,1.0
Drone Base Station,1.0
"drone Based Accident,traffic Surveillance",1.0
Drone Bee Larvae,1.0
Drone Bees,1.0
Drone Breed,1.0
drone Breed-base Tablet,1.0
Drone Breeding Combs,1.0
Drone Card Pci Bus,1.0
drone Cargo Helicopter,1.0
Drone Catching Device,1.0
Drone Child,1.0
drone Clearing Device,1.0
drone Compact Air Intake,1.0
Drone Cone,1.0
drone Control Method,1.0
Drone Deliveries,1.0
Drone Doors,1.0
drone Drought Detection Method,1.0
drone Egg Collector,1.0
drone Electric Power Plant,1.0
Drone Fins,1.0
drone Flaps Control Electromechanical Drive,1.0
Drone Flight Path,1.0
Drone Gliding Stabilisation,1.0
drone Guidance,1.0
drone Haute Altitude,1.0
drone Haze,1.0
drone High Rate Data Acquisition,1.0
Drone Images,1.0
drone Killing Device,1.0
drone Larva Homogenate,1.0
Drone Mid-flight Engine versions,1.0
Drone Network,1.0
Drone Noise,1.0
Drone Nutrient,1.0
Drone Nutritious Composition,1.0
drone Nymph Production Method,1.0
Drone Onboard Hardware,1.0
drone Ovum Collection Device,1.0
Drone Planes,1.0
Drone Planes Flying,1.0
drone Plate,1.0
drone Position Determining System,1.0
drone Product,1.0
Drone Production,1.0
Drone Pupa,1.0
drone Pupa Collector,1.0
Drone Pupa Freeze-dried Powder Medicinal Granules,1.0
Drone Pupa Preparation,1.0
Drone Pupae Polypeptide Extract,1.0
drone Pupae Sugar-free Crunchy Cracker Processing Method,1.0
drone Pupae Wine,1.0
Drone Pupas,1.0
drone Recovery Mechanism,1.0
Drone Reed,1.0
Drone Refind Produsts,1.0
Drone Remote Control,1.0
Drone Remote Control Circuit,1.0
drone Remote Controller,1.0
Drone Reproduction,1.0
drone Seismic Sensing Method,1.0
Drone Semen,1.0
drone Service Aero-carrier,1.0
drone Ship Toy,1.0
Drone Simulator Unfolding Instruction versions,1.0
Drone Simulator Unfolding Instruction versions),1.0
Drone Speaker Driver,1.0
Drone Stabilisation System Control Signal,1.0
drone Strike Complex,1.0
Drone System Controller,1.0
drone Tamper,1.0
drone Type Life Ring,1.0
drone Unified Bearing Module,1.0
Drone Vehicle,1.0
drone Vessel,1.0
drone-based Fire Rescue Device,1.0
drone-mounted Imaging Hyperspectral Geometric Correction Method,1.0
Drone/uav Background,1.0
Drone/uav Platforms,1.0
Drones take-off/ Landing,1.0
Droplet Actuator,1.0
Dry Fruits,1.0
dual Ground Control System,1.0
dual-axis Ball Head,1.0
Dual-purpose Target,1.0
Duplex Control Method,1.0
dynamic Angular Instrument,1.0
dynamic Communication Data Usage,1.0
dynamic Encoding,1.0
Dynamic Model,1.0
dynamic Precision Target Drone,1.0
Dynamic Wireless Aerial Mesh Network,1.0
ÐžÐ±Ñ‰ÐµÐ³Ð¾ Ð¡Ð¾ÑÐ¾ÑÐ½Ð¸Ñ,1.0
Earth-based Sensor Network,1.0
Eccentrically Rotating,1.0
edible Mask,1.0
efficient Impeller Systems,1.0
Egg-beater Rotors,1.0
ein Lautsprecher Mit Zweikammer-akustisches GehÃ¤use Mit Zwei Externen Luftdurchlasse Und Einem Internen Luftdurchlass,1.0
Einer Drohne,1.0
einrichtung Zum Fliegen Einer Drone,1.0
ejectable Body,1.0
electric Control Separation Mechanism,1.0
Electric Digital Data,1.0
Electric Drones,1.0
Electric Energy Necessary,1.0
Electric Field,1.0
electric Pistol Target,1.0
electric Standing-lying Target,1.0
Electric Storage System,1.0
electric Vertical Takeoff,1.0
Electrical Connection,1.0
Electrical Interface,1.0
Electrical Signals,1.0
Electrical Testing Locating Hole,1.0
Electro-optic Theodolite,1.0
electrochemical Generator,1.0
Electromagnetic Coupling,1.0
electromagnetic Induction Demonstrator,1.0
Electromagnetic Radiation,1.0
electronic Automatic Bee Venom Collector,1.0
Electronic Controls,1.0
Electronic Guidance,1.0
Electronic Key,1.0
electronic Navigation Card Holder,1.0
electronic Shooting Method,1.0
Electrostatic Powder Blower,1.0
Electrostatic Precipitation,1.0
elektro-optische FÃ¼hrungseinrichtung FÃ¼r Die Automatische Steuerung Unbemannter FluggerÃ¤te WÃ¤hrend Der Endphase Der Landung,1.0
elemento Pasivo Que Funciona En Combinacion Con Un Parlante Activo Y Alojado En Un Espacio Vacio Que Tiene Un Volumen Cerrado De Aire Para Producir Unincremento De La Eficacia Del Parlante,1.0
Elliptical Wire Mesh Giving Omni-directional Response,1.0
Elongated Envelope,1.0
Emergency Communication System,1.0
Emergency Location Information Service e-lis,1.0
Emergency Response System,1.0
Emergency Responses,1.0
emission Detector,1.0
emulation Training System,1.0
En Particular,1.0
encarsia Sophia Artificial Propagation Production Method,1.0
enclosed Drone Apparatus,1.0
Enclosed Space,1.0
energieversorgungsgerÃ¤t FÃ¼r Eine Funkenerosionsmaschine,1.0
Energy Via,1.0
energy-saving Flexible Transparent Conducting Film,1.0
Entering Hook Firing Device,1.0
Enterocolitis Yersinia Genus Gene,1.0
entsicherungseinrichtung Mit Drehfluegel,1.0
Environmental Measurements,1.0
Epitaxial Structure,1.0
Equipements Electroniques Embarques Dans Un Aeronef,1.0
Eretmocerus Hayati,1.0
erhebung Und Nutzung Von Erfassten Fahrzeugdaten,1.0
excellent Efficient Herbicide,1.0
Excess Supply,1.0
exhaust System Passive Noise Cancellation Assembly,1.0
Exploration System,1.0
Extension Opens,1.0
external Combustion Propelling Engine,1.0
External Mechanical Stress I.e,1.0
external Skin Agent,1.0
Extra Access,1.0
extraction Process,1.0
fahrtsimulator Mit Ãœberkreuzter NetzwerkrÃ¼ckkoppelung,1.0
Failing Target,1.0
fan/ Impeller Based Rotational Thrust Vectoring System,1.0
Farmland Crops,1.0
Feeding Drone Bees,1.0
fernbedienungssystem FÃ¼r Eine Mit Einem Draht Gesteuerte Rakete,1.0
feste Fahrbahn FÃ¼r Den Schienenverkehr Und Verfahren Zu Ihrer Herstellung,1.0
fiber Optic Flammable Liquid,1.0
Fibre Guided Missile,1.0
Field Information,1.0
field Monitor Collecting Data,1.0
Fight Automaton,1.0
fighting Short-,1.0
Filling Bone Cavity Formations,1.0
Film Performance,1.0
Finishing Agent,1.0
Fire Areas,1.0
fire Detection Systems,1.0
Fire Safety System,1.0
Fire Training,1.0
firefighters Drone Arrangement,1.0
Firing Axis,1.0
firing System,1.0
Fitting Drone Reed,1.0
Five-apian Treasure Cream,1.0
five-lens Inclined Photography Aerial Camera,1.0
five-site Room Intrusion Target Drone,1.0
Fixed Pipe,1.0
Fixed Position,1.0
Fixing Underwater Machine,1.0
Flat Target,1.0
Flexible Airfoil,1.0
flexible Element,1.0
Flexible Elements,1.0
flexible Response Secured Mechanical Balancing,1.0
flight Control,1.0
flight Control Law Design Device,1.0
flight Control Unit,1.0
Flight Controllable Carrier Device,1.0
flight Drone,1.0
Flight Management,1.0
Flight Platform,1.0
Flight Route Data,1.0
Flight Speed,1.0
Flip Type Maneuver,1.0
Floating Building,1.0
floating Periscope,1.0
Floating Platforms,1.0
fluggerÃ¤t Zur Flugzieldarstellung,1.0
fluid-resistant Electronic Devices,1.0
Fluidic Gradient Collimation,1.0
Fluorescence Quantitative Pcr Genotypes,1.0
Flute-family Instruments,1.0
Flying Apparatus I.e,1.0
Flying Combat Helicopters,1.0
flying Drone,1.0
flying Drone Trajectory Synchronization,1.0
Flying Experience,1.0
flying Platform,1.0
Folding Type Sunroof Deflector,1.0
Food Supplement,1.0
foreign Matter,1.0
forest Fire-fighting Blanket,1.0
Formation Drone Aircraft,1.0
Four-stroke Petrol Engine,1.0
Fourier Transformation,1.0
frequency Band Switching Radio Front End,1.0
Friendly Fire Incidents,1.0
Front Cover,1.0
Fruit Juices,1.0
Fuel Tank,1.0
Fuel-efficient Transportation,1.0
Full Machine,1.0
Function Combination Formula Prisoner,1.0
fusion De Plusieurs Flux Video,1.0
game Machine,1.0
gas Collecting Device,1.0
Gas Collecting Module,1.0
gas Stream Deflection System,1.0
Gas Turbine Engine,1.0
gauss-rees Parametric Ultrawideband System,1.0
gear Change Control Method,1.0
Gear Housing,1.0
gecko-drone Wine,1.0
Generalized Chrysanthemum Plants,1.0
generic Drone Control System,1.0
Geographical Position,1.0
Geographical Regions,1.0
Gigahertz Ranges,1.0
gliding Drone Aircraft,1.0
global Calibration Method,1.0
gnss Ultra-short Baseline Heading Determination System,1.0
gonadotropin Releasing Hormone Receptor Antagonists,1.0
Gps-adverse Environment,1.0
gps-gestÃ¼tztes Pilot-geschoÃŸ Und Verfahren Zur Einweisung Von Wirkgeschossen Ãœber Einem Definierten Einsatzbereich,1.0
grassland Management System,1.0
Great Stalling Angle,1.0
great Structure Horizontal Two-dimensional Displacement Automatic,1.0
ground Control Center,1.0
Ground Control System,1.0
Ground Station,1.0
ground-effect Flying Boats,1.0
Group Remote Control,1.0
Gsk Inhibiting Agent,1.0
Guided Munition Firing Device,1.0
Guiding Vehicle I.e,1.0
Handheld Device,1.0
Haptic Remote Control Gaming,1.0
hard Bitumen,1.0
Hard Multiple-layer Circuit Board,1.0
harrison Free Standing Towers,1.0
Hatch Door,1.0
Hazard Detection,1.0
Head Lamp Automatic Control Device,1.0
Health Assistance Food,1.0
health Wine,1.0
hearing Protecting Ear Cover,1.0
heat Imaging Mutual Active Shoot Training System,1.0
heavy Convertible Electric Drone,1.0
heavy Freight Air Transportation System,1.0
hederagenin Amide Derivative,1.0
Helicopter Fuselage,1.0
Helicopter I.e,1.0
Helping Navigation,1.0
Hepatic Cell Carcinoma,1.0
Hepatoprotective Activity,1.0
Hertzian Transmission System,1.0
Hgh Voltage Lines,1.0
high Altitude Cellular Communication System Platform,1.0
High Altitude Suspension,1.0
High Heat,1.0
High Lift-drag Ratio,1.0
high Precision Electric Testing,1.0
High-capacity Pollen Collector,1.0
High-power Led Stroboscopic Light Source,1.0
high-speed Hybrid Drone Copter-plane,1.0
Hive Entrances,1.0
Holandric Honeycomb,1.0
Holding Clamps,1.0
Hollow Central Body,1.0
holographic Hiding,1.0
honey Bee Mite Disruptive Compounds,1.0
Honey Bees Drone Homogenate,1.0
Honey-base Agent,1.0
Honey-bee Colony Feeding,1.0
Horizontal Flight Aircraft,1.0
Horizontal Shift,1.0
horizontal Translation Exercise Target Drone,1.0
Human Operator,1.0
Human Robot Interface,1.0
Humanoid Security,1.0
Hv Aerial Power Line Diagnostic Drone Acs Complex,1.0
hybrid Honeycomb,1.0
Hybrid Power Plant versions),1.0
hydraulic Slip Compensation Systems,1.0
hydrogen Peroxide Auxiliary Ignition Device,1.0
hydrogen-peroxide-assisted Ignition Device,1.0
hydrophile Vernetzbare Silikone,1.0
Hydroxyl Propane Sulfonic Acid Pyridine Drone Salt,1.0
Hyperbolic Systems,1.0
Hypersonic Drone Active Heat Protection,1.0
HypolipidÃ¤mischen Und Antihypertensiven Eigenschaften,1.0
Ice Conditions,1.0
Ignition Electronics,1.0
Ignition Position,1.0
Ihre Herstellung Und Ihre Anwendung,1.0
Illegal Drugs,1.0
Image Analysis,1.0
Image Analysis Unit,1.0
image Auto,1.0
Image Data,1.0
Image Enhancement,1.0
Image Processing Unit,1.0
Image Sequences,1.0
Images Transmission System,1.0
Imaging Device,1.0
Imaging Instrument,1.0
Immobile Target I.e,1.0
Immune System,1.0
immunotropic Preparation,1.0
Impeller Related Systems,1.0
improved Moisture Control,1.0
improved Seine Net,1.0
Improved Takeoff,1.0
Improving Male Sexual Function,1.0
Improving Noise,1.0
Improving Salt Resistance,1.0
Inclination Angle,1.0
Increased Bioavailability,1.0
Increased Safety,1.0
Increasing Animal's Body Resistance,1.0
Independent Drive Movement,1.0
Indirect Manner,1.0
indistinct Appearing Precision Target,1.0
Industrial Control Device,1.0
Inertial Attitude,1.0
Inexpensive Amplifiers,1.0
infantry Combat Weapons System,1.0
Infiltrative Pulmonary Tuberculosis,1.0
Influenzing Weather,1.0
Information Processing Mobile Unit,1.0
Infrared Spectrometer,1.0
Ingestible Low Power Capsule,1.0
Inner Shell,1.0
Insbesondere Eine Drohne Und Verfahren Zur Rettung Eines Bemannten Oder Unbemannten FluggerÃ¤ts,1.0
Insbesondere Einer Drohne,1.0
Insbesondere Einer Drohne Mit DrehflÃ¼geln,1.0
Insbesondere FÃ¼r Eine Drohne,1.0
Insbesondere FÃ¼r Eisenbahnwagen Zur PersonenbefÃ¶rderung,1.0
Insbesondere Hochleistungs-mikrowellenantenne,1.0
insect Sticking Plate,1.0
Insemination Device,1.0
installation De Production,1.0
Instantaneous Manoeuverability,1.0
Integral Hull,1.0
Integral Signal,1.0
integrated Icon View,1.0
Integrating Values,1.0
Intellectual Decision Making Support System,1.0
intelligent Coupler,1.0
intelligent Movable Target Machine System,1.0
intelligent Surveillance System,1.0
intelligent Target Control Method,1.0
interactive Augmented Reality System,1.0
Interactive Event,1.0
interactive Sound Effects System,1.0
Interception Missile Base,1.0
Intermediate Flying Device,1.0
Internal Circuit,1.0
intrusion Vehicle,1.0
intuitive Piloting Method,1.0
Invasive Species Control Plan,1.0
ir Source,1.0
Italian Bees,1.0
Item Delivery,1.0
Japanese Honeybees,1.0
jetting Type Air Mixing Spray-nozzle,1.0
JP 4206830 B2,1.0
Kalman Filter Estimator,1.0
kampfmittelrÃ¤umgerÃ¤t Zum RÃ¤umen Von Kampfmitteln,1.0
KampfmittelrÃ¤umkombination Mit Unbemanntem Unterwasserfahrzeug Und Derartigem KampfmittelrÃ¤umgerÃ¤t Sowie Verfahren Hierzu,1.0
Kinematic Magnitude,1.0
Known Origin,1.0
Known Value,1.0
koelkast Voor Het Voorkomen Van Hoge Temperaturen,1.0
L-band Radar,1.0
La Mise En Å’uvre De Ce Procede,1.0
La Navigation,1.0
Ladar System,1.0
lade- Oder Batteriewechselstation FÃ¼r FluggerÃ¤te,1.0
lade- Und Wiederbereitstellungsstation FÃ¼r Elektro- Und Hybrid Uavs,1.0
lager Mit FluggerÃ¤ten,1.0
Land Air Sea,1.0
land Wheeled Drone,1.0
Landing Area,1.0
Landing Autonomous/semiautonomous/remote Controlled Aerial Agricultural Sensor Platform,1.0
Landing Characteristics,1.0
Landing Device,1.0
Landing Drone,1.0
Landing Drone Aircraft,1.0
Landing Multimodal,1.0
Landing Phase,1.0
Landing Runways,1.0
Landing Same,1.0
Landing System,1.0
Landing vtol Aircraft,1.0
Larch Sclerodermus Sp,1.0
Large Difference,1.0
Laser Measurement,1.0
laser Simulative Shoot Training System,1.0
Laser Visual Dynamic,1.0
laser Weapon,1.0
laser-based System,1.0
lateral Avoidance Manoeuvre Solver,1.0
launch Tube,1.0
Launching Reconnaissance Drones,1.0
lautsprecher Mit Zwei Kammern,1.0
Law Enforcement Evidence,1.0
Lawn Bowls,1.0
Laying Steel Pipes,1.0
Leader-follower Model,1.0
Leading Magnetic Material Magnetron,1.0
Leaf Spring,1.0
Least Two Groups,1.0
led Lighting System,1.0
lenkung FÃ¼r FlugkÃ¶rper-systeme Mit Ziel-tracker Und ZusÃ¤tzlicher Manueller Korrektur Des Trackpunktes,1.0
Life-saving Apparatus,1.0
Light Emitting Diode,1.0
light Target Drone,1.0
Light Weapon Shooting,1.0
Light Yellow Encarsia Amicula,1.0
Light/mimu micro Inertial Measurement Unit),1.0
Lighting Fixture,1.0
Linear Acceleration,1.0
linear Solving,1.0
Liquid Fuel,1.0
liquid Sampling Apparatus,1.0
lithospermum Leerf-1 Gene Overexpression Vector,1.0
Living Body Bee Dna,1.0
Local Applications,1.0
Localization Waves,1.0
Locating Indoor Electromagnetic Radiation Source,1.0
Locating Insulator Defects,1.0
Locating Opto-electronic Projector,1.0
Locating Web-type Wing Ribs,1.0
locking Control Method,1.0
locking Device,1.0
Logic Unitary Active Equipment,1.0
Logical Alarm Generator,1.0
long Line Fiber Optic Communication System,1.0
Long Structures,1.0
long-distance 2d,1.0
Long-range Missile,1.0
Longitudinal Axis,1.0
longitudinal Control Law Smooth Switching Method,1.0
Loop-mediated Isothermal Amplification Technique,1.0
Loss Control,1.0
loudspeaker Apparatus,1.0
Low Altitude,1.0
Low Energy Nuclear Reactor,1.0
low Profile Audio Speaker,1.0
Low Sound,1.0
Lung Adenocarcinoma Metastasis,1.0
MÃ©todo E Sistema Para SincronizaÃ§Ã£o Para Quadro Dvb-s2 E Sua Estrutura De Quadro Associada,1.0
machine-readable Delivery Platform,1.0
main Wing Plus,1.0
Making Drone Larva Powder,1.0
Making Preparation,1.0
Making Stereo Pairs,1.0
Male Bees,1.0
male King,1.0
Male Sex Drive libido,1.0
Male Sex Drive libido),1.0
Mammalian-type Carbohydrate Structures,1.0
Management Arming,1.0
Managing Drone Colony,1.0
Managing Method,1.0
Managing Platform,1.0
Managing System Controlling Method,1.0
manless Medicine Dispensary System,1.0
Manmade Disasters,1.0
Manned Aircraft,1.0
Manpower Traction,1.0
Manufacturing Biogenic Stimulator,1.0
Manufacturing Method,1.0
marine Ship,1.0
maritime Safety Systems,1.0
Marketing System,1.0
Mass Set,1.0
Massicus Raddei,1.0
match Composite Sketches,1.0
Material Detection,1.0
Measurement Method,1.0
Measurement Target Drone Base,1.0
Medical Support,1.0
Medicament Target Drone,1.0
medicine Composition,1.0
Medicine Dispenser,1.0
Medium-range Drones,1.0
mesh Network Controller,1.0
metodo Y Dispositivo Mejorados Para La Prospeccion Sismica Acuatica,1.0
Micro Convertible Drone System,1.0
micro Drone,1.0
micro Unmanned Aerial Vehicle,1.0
Micro/nano Aicraft,1.0
Microwaves Band,1.0
middel Til Anvendelse,1.0
militÃ¤risches Fahrzeug Mit Einer FÃ¼hrungseinheit,1.0
Military Area,1.0
Military Drone,1.0
military Land/sea/air Drones Mobile/stationary Unit Information Transfer,1.0
Military Mission,1.0
Military Purposes,1.0
military Reconnaissance Drone Launcher Tube,1.0
Military Surveillance,1.0
Military Unit,1.0
Military Use,1.0
Milk Products,1.0
Miniature Drones,1.0
miniature Holographic Sight,1.0
miniature Vtol Drone,1.0
Missile Defense System,1.0
Missile-firing Tubes,1.0
Mission Data,1.0
Mitigating Fading,1.0
Mixing Semen,1.0
Mobile Base Stations,1.0
Mobile Devices,1.0
mobile Gaming,1.0
mobile Lock,1.0
Mobile Payments,1.0
mobile Phone Shell,1.0
Mobile Platforms,1.0
Mobile Remote Beacon,1.0
Mobile Robotic System Aggregation,1.0
Mobile Robotic Vehicles,1.0
Mobile Sensors,1.0
Mobile Station,1.0
Mobile Telephone Connection,1.0
mobile Type,1.0
Model Aero-engine,1.0
Model Aircraft,1.0
Model-based Sound Effects,1.0
modifiziertes Rosar-verfahren,1.0
modular Drone versions,1.0
modular Track,1.0
modulare Drohne Mit Abnehmbaren Komponenten,1.0
modularized Shooting Training Range,1.0
module D'epandage Auto-porte Par Un Drone Aerien,1.0
Moment Imparting Device,1.0
Montage Rapide,1.0
Mother Bees,1.0
Mother Larvae),1.0
Mother Milk,1.0
Motion Capture System,1.0
Motion Compensation,1.0
motion Sensor Assembly,1.0
Motor Vehicle,1.0
motorized Apparatus,1.0
Mounting Apparatus,1.0
mounting Tool,1.0
Movable Drone,1.0
movable Memory Target,1.0
Movable Relative,1.0
Movable Type Automatic Target Indicating Device,1.0
move Target Drone,1.0
Moving Base Stations,1.0
Moving Contrast,1.0
Multi- Purpose Fire Fighting Drone,1.0
multi-function Composite Queen Cages,1.0
multi-function Honey-dividing Machine,1.0
multi-function Illuminating Diabolo,1.0
multi-head Rubber-coated Steel Plate Target Drone,1.0
Multi-load Photoelectric Tracking Equipment Self-adjusting Two Light Axes,1.0
Multi-rotor Aerial Vehicle,1.0
multi-rotor Helicopter,1.0
Multi-rotor Type Drone,1.0
Multi-rotor Type Folding Drone,1.0
multi-sheets Type Automatic Drone,1.0
Multi-target Receptor After-action Mechanism,1.0
multichannel Sonar Systems,1.0
multicopter Dron,1.0
multicore Parallel Photogrammetry Block Adjustment Method,1.0
multidirectional Conversion Automatic Target Drone,1.0
multifunction Beehive,1.0
multifunction High-resolution Radar,1.0
multifunction Programmable Boxing Training Device,1.0
multifunctional Combined-type Drone-imprisoning Queen-capturing Swarming Cage Queen-isolating Grate,1.0
multifunctional Flight Pollen Trap,1.0
multifunctional Navigation Earphone,1.0
multifunctional Queen,1.0
multifunctional Queen Bee Honeycomb,1.0
multimode D/a Drone Angular Pitch Control Device,1.0
Multiplayer Games,1.0
multiple Chamber Loudspeaker System,1.0
Multiple Contrarotating Rotors,1.0
Multiple Control Actuators,1.0
Multiple Layers,1.0
multiple Radar Interference Suppressor,1.0
multiple Receiver Line Deployment,1.0
Multiple Video Image Streams,1.0
multipurpose Aircraft,1.0
multipurpose Intelligent Automated System,1.0
multirotor Convertible Pilotless Helicopter,1.0
multirotor Vtol Drone,1.0
Multisensor Vision Measurement System,1.0
multistatic Radar System,1.0
munition Oder Munitionsteil Das Die Form Eines FlugkÃ¶rpers Wie Einer Drohne Hat,1.0
Music Signal Processing,1.0
Musical Instrument,1.0
Musical Instruments Via Plastic Molding Technique,1.0
musikinstrument Mit Einem Elektroakustischen Wandler Zur Erzeugung Eines Musiktons,1.0
n-(pyridinylamino)isoindoline Und Verwandte Verbindungen,1.0
Nadir Alignment,1.0
Natural Displacement,1.0
Natural Flavorings,1.0
Natural Honey,1.0
Natural Material,1.0
natural Pharmaceutical Product,1.0
natural Phytotherapeutic Product,1.0
Natural Polymers,1.0
Nature Testing,1.0
Naval Craft,1.0
Naval Mines,1.0
naval Surface Drone,1.0
Navigation Data,1.0
Navigation Sensors,1.0
Nematicidal Activity,1.0
Nestkastjes Voor Hommelkolonies,1.0
Network Attached Device,1.0
Network Data,1.0
network Functions Virtualization Interconnection Gateway,1.0
neue Pharmazeutische Zusammensetzungen Von Steroid-nitratester Zur Verwendung Als EnzÃ¼ndungshemmer,1.0
New Environment,1.0
New Section,1.0
new Target Drone,1.0
New Tumor Blood Vessel Drone,1.0
new Use,1.0
New Yew Alcohol,1.0
Noise Damper,1.0
Non-destructive Testing,1.0
Non-lethal Fighting,1.0
Nosematosis Disease,1.0
novel Application,1.0
novel Efficient Drone,1.0
novel Formula,1.0
novel Mobile Network,1.0
novel Target Drone,1.0
novel Universal Obstacle,1.0
Nuclear Cloud Outputted,1.0
Nuclear Engine,1.0
Nuclear Power Plant,1.0
Nuclear Warhead,1.0
Nucleic Acid Molecules,1.0
nursery Garden Client Intelligent Service System,1.0
Object Coordinates Determination,1.0
Object Surface,1.0
Observation Camber,1.0
observation Drone,1.0
Observation System,1.0
Offers Greater Control,1.0
oil Pressure,1.0
Older Design,1.0
Omni-directional Sensor Devices,1.0
omnidirectional Motor Stability Augmentation Pan/tilt/zoom(ptz),1.0
On-board Computer,1.0
on-line Network Safety Competition Method,1.0
on-wall Loudspeaker,1.0
onboard Thermal Trap,1.0
One Hole,1.0
One Performer max,1.0
open-ditch Pipeline As-built Process,1.0
Operable Drone,1.0
Operating Directional Flap,1.0
Operating Electrostatic Powder Blower,1.0
operating Gps Receivers,1.0
Operating Method,1.0
Operating Vehicle,1.0
Operer Une,1.0
Opposing Directions,1.0
Optical Device,1.0
optical Fibres Support Drum,1.0
optical Tracking System,1.0
Optimizable Processing Communications,1.0
optronische ZÃ¼ndeinrichtung FÃ¼r Einen FlugkÃ¶rper,1.0
Orally-administered Embryo-peptides,1.0
Origination User Interface Aspects System,1.0
Osteoporosis Comprising Benzamidine Derivative,1.0
Outputs Warning,1.0
over-ground Height,1.0
paint-on Approach,1.0
Parachute Landing,1.0
Parachuting Broken Multirotor Drone,1.0
parasitic Monopole Antenna System I.e,1.0
Partial Acquisition,1.0
Passage Marker,1.0
passenger Air Transport,1.0
passive Radiator,1.0
path Identification,1.0
Pcb Board,1.0
pendulous Microgenerator,1.0
Perpendicular Axis Fiber Optic Drum Mobile Unit Placed Stationary Unit Communicating,1.0
Perpendicular Position,1.0
personal Security,1.0
personal Submersible Drone,1.0
Personalized Nutrition,1.0
Petroleum Exploration Sites,1.0
Pharmaceutical Formulation,1.0
pharmazeutische Zusammensetzungen Fuer Die Parenterale Anwendung,1.0
phase Control System,1.0
Phosphonyl Fluorides,1.0
Photo Telephotos,1.0
Photoelectric Autocollimation Device,1.0
Photogrammetric Survey Deformation,1.0
Photovoltaic Panel,1.0
Photovoltaic Panels,1.0
Physical Dimension,1.0
Physical Property,1.0
physiological Signal Processing Devices,1.0
Picture Quality,1.0
Pilotless Drone Reconnaissance Aircraft,1.0
Pipe Bag,1.0
Plane General Assembly,1.0
plane Target Drone Characteristic Point Automatic Matching Method,1.0
Plant Falling,1.0
Plant Oils,1.0
plant Protection Drone,1.0
Plastic Screw,1.0
platine Universelle De Montage,1.0
pneumatic Relay Valve,1.0
pod Structure,1.0
Polarization Differencing Method,1.0
police Drone,1.0
Policy Driven Protection,1.0
pollen Removal Device,1.0
Polymer Modified Bitumen,1.0
Portable Guided Missile,1.0
portable Indoor Mobile Robot Navigation Performance Test,1.0
portable Mortar Ejector,1.0
portable Plastic Heat Preservation Beehive,1.0
portable Slice Type Erecting,1.0
pose Control System,1.0
Position Regulation,1.0
Positioning Aircraft,1.0
Positioning Center,1.0
Positioning Method,1.0
positioning System,1.0
Positive Impedance,1.0
poste De Controle De Drones,1.0
Pourvu De Pare-chocs Amovibles De Protection Des Helices,1.0
Power Supply,1.0
Power Transmission Line Image Via,1.0
Power-driven Walking,1.0
Predetermined Deflagration,1.0
Preimaginal Phases,1.0
preserving Fluid,1.0
Preset Minimum Distance,1.0
proactive Optical Trajectory,1.0
procede D'analyse D'une Parcelle Agricole Cultivee,1.0
procede D'observation D'une Zone Au Moyen D'un Drone,1.0
Procede De Guidage AutomatiqueÂ,1.0
procede De Mesure Du Volume D'un Amas De Materiaux,1.0
procede De Navigation D'un Drone Aerien En Presence D'un Aeronef Intrus,1.0
Procede De Pilotage De Vol D'un Drone,1.0
procede De Surveillance De L'etat De Vegetation Aux Abords D'une Infrastructure,1.0
Processed Food,1.0
Processing Characteristic,1.0
Processing Method,1.0
Production Process,1.0
programmable Central Intelligence Controller,1.0
Programmable Dma Master,1.0
Programming Kind,1.0
pronostic De Duree Avant Maintenance Par Fusion Entre Modelisation,1.0
Propane Sulfonic Acid Pyridine Drone Salt Production Usefulness,1.0
Propeller Engines,1.0
Propeller Passes,1.0
Propeller Unmanned Drone Aircraft,1.0
Propulsion Device,1.0
propulsion Engine,1.0
propulsion Unit,1.0
Prostate Hyperplasia,1.0
Protecting Nuclear Power Plant,1.0
Protecting Transport Ship,1.0
Protein Kinases,1.0
Providing Input,1.0
Providing Network Service,1.0
Providing Security Service,1.0
Providing Tuning Levers,1.0
Pseudo-ginseng Capsule Product,1.0
Pulling Back Air Route,1.0
push-pull Type,1.0
pyrotechnic Tracer,1.0
Pyrotechnical Device,1.0
Quadri-rotor Type Drone,1.0
Queen Bee,1.0
queen Bee Artificial Insemination Appearance,1.0
queen Bee One-way Channel Valve,1.0
queen Bee Single-way Channel Gate,1.0
queen Bee Single-way Channel Valve,1.0
queen Bee Wine,1.0
Queen Bumblebee Rearing,1.0
Quickly-going-backward Program Control Moving Target Drone,1.0
quinhydrone-containing Sensor,1.0
Racing Car Games,1.0
rack Type Sprayer,1.0
Radar Counteraction,1.0
radar Device,1.0
Radar Doppler,1.0
Radar Station,1.0
radargerÃ¤t FÃ¼r Einen FlugkÃ¶rper,1.0
Radio Frequency Signals,1.0
radio Frequency Signature Augmentation System,1.0
radio Laser Shooting Machine,1.0
Radio Signals,1.0
radio-controlled Flying Machine,1.0
Radio/radar Counteraction,1.0
Radionavigation Device,1.0
Radionavigation Facility,1.0
railroad Trailer Chassis,1.0
random Pattern,1.0
random Target Drone,1.0
rapid Diagnosis Kit,1.0
Rapid Method,1.0
re-entry Drone Aircraft,1.0
Readout Unit,1.0
Real Time,1.0
real Time Assessment,1.0
Real World,1.0
Real World Objects,1.0
Real-time Control,1.0
real-time Positioning,1.0
Rear Arms Articulated Relative,1.0
Rear Side,1.0
Receipts Swarmming Cage,1.0
Receiving Helicopter I.e,1.0
Receiving One,1.0
Receiving Radio Frequency Signals,1.0
Receiving Rigidification Unit,1.0
Receiving Test/debug Data,1.0
Rechargeable Batteries,1.0
recharger System,1.0
Recipient Equipments,1.0
Recognition Drone,1.0
Recognition Markers,1.0
Reconfigurable Array,1.0
reconfiguration Aircraft,1.0
reconnaissance Radius,1.0
Recording Unit,1.0
Recovery Cable Active End,1.0
recovery System,1.0
rectangular-tube Bee Activity Frame Underbeam,1.0
Reducing Cholesterin,1.0
Reducing Menopause Symptoms,1.0
Reflectionless Paths,1.0
Regenerating Action,1.0
Regenerating Cream,1.0
Reinforcement Part,1.0
Related Electrical Generation Method,1.0
Related Method,1.0
Related Uses,1.0
Reliable Parachute Release Device,1.0
Remote Control Device,1.0
remote Control Overturning Target,1.0
Remote Control Sea,1.0
remote Control Target Drone,1.0
Remote Controlled Combat,1.0
remote Controlled Drone Aircraft,1.0
remote Controlled Mobile Platform,1.0
Remote Controlled Rotary-wing Drone,1.0
Remote Desktops,1.0
Remote Detection,1.0
Remote Inspection,1.0
remote Network Attack,1.0
remote Optical Fiber Surveillance System,1.0
Remote Reading,1.0
Remote Readout,1.0
Remote Rov,1.0
Remote Sensing Surveillance,1.0
Remote Stereo Reconnaissance Sensor,1.0
remote Vehicle Driving,1.0
removalbe Sytem,1.0
Reporter Drone,1.0
rescue Drone,1.0
Rescue Method,1.0
Retractable Cable,1.0
retractable Landing Gear,1.0
Retracted Position,1.0
Revolving Aerofoil Integrated Drone,1.0
Rifamycin-quinolizidone Double-drone Molecule,1.0
Rifle Basic Training,1.0
Rigid Rod,1.0
Rigidification Unit,1.0
Risk Mitigation,1.0
Road-based Devices,1.0
Robber Bee,1.0
Robot Plane,1.0
Robot System,1.0
robotic Aircraft,1.0
robotic Inspection Apparatus,1.0
rocket Magnetic Safety Device,1.0
Rocket Separation,1.0
room Sound,1.0
Rotary Wing Aircraft,1.0
rotary Wing Drone,1.0
rotary Wing Drone I.e,1.0
Rotary Wings,1.0
rotating Drone Aircraft,1.0
Rotating Mass,1.0
rotating Target Drone,1.0
rotating-wing Drone,1.0
Rotor Arm Device,1.0
Rotor Blade Drone Safety Landing Pack,1.0
Rotor Blades,1.0
rotor Blades Controlling Device,1.0
Rotor Drone,1.0
Rotor Pivotable,1.0
Rotor System,1.0
Rotor Systems,1.0
rotor Vertebral Body Imaging Tester,1.0
rotor Wing Protection Cover,1.0
rotor-lift Aircraft,1.0
Rotors Around Two Axis,1.0
Rotors Multiples Avec Estimation,1.0
safe Emergency Landing,1.0
Safe Landing,1.0
Safer Mid-air,1.0
Safety Bb Bullet Target Structure,1.0
Safety Device,1.0
sailing User Interface Systems,1.0
Sal Capabilities,1.0
Same Circles,1.0
Same Circuit Board,1.0
Same Direction,1.0
"Same-day Order Fulfilment,including Delivery",1.0
satellite Based Key Agreement,1.0
Satellite Formation,1.0
Scale Model,1.0
scale Plate-adjustable B-ultrasonic Searching Unit Puncture Gate Apparatus,1.0
Scatter Detection,1.0
schleppkÃ¶rper Zur Flugzieldarstellung Mit Ir-flares,1.0
school-wide Lockdown,1.0
schwenkbare SchubdÃ¼se Eines Flugtriebwerkes,1.0
Sclerodermus Pupariae Yang,1.0
screen Mesh Device,1.0
Screening Method,1.0
Sea Floor,1.0
Search Method,1.0
Searching Geological Boundary,1.0
secondary Action Target Drone,1.0
Segregated Air Space,1.0
seismic Data Acquisition,1.0
Selective Terrain Alerts,1.0
self Suspended Energy,1.0
Self-contained Mobile,1.0
Self-gripping Band,1.0
Self-organizing Synchronization,1.0
Self-restoring Force,1.0
self-sustaining Drone Aircraft Freight,1.0
Semantic Beliefs,1.0
Sensor Pad,1.0
sensor-location System,1.0
sensor-netzwerk Sowie Verfahren Zur Ãœberwachung Eines GelÃ¤ndes,1.0
Service Animals,1.0
Several Opportunities,1.0
Several Points,1.0
Sharing Reconnaissance Images,1.0
Ship Operating Energy,1.0
shipboard Aircraft Catapult,1.0
shooting Attitude,1.0
Shooting Exercise,1.0
shooting Target Set,1.0
shooting Training Analyser,1.0
Shooting Unit,1.0
Shooting Units,1.0
Shooting Windows,1.0
shooting-train Target Drone,1.0
short-distance Precision Dynamic Angle,1.0
shuttle Device,1.0
Signal Survey,1.0
simple Processing Technology,1.0
simulated Shooting System,1.0
simulation Cruise Missile Target Drone,1.0
simulation En Temps Reel Hautement Representative D'un Systeme Avionique,1.0
Simultaneous Reference Pulse Receiver,1.0
Single Camera Virtual Mouse System,1.0
Single Video Stream,1.0
single-reed Wind Instrument,1.0
Single-sided Multi-stringed Instrument,1.0
sistema De Alarme Salva-vidas,1.0
sistema De Salvamento,1.0
Small Size Drone Airplane,1.0
Small Sized Revolving Wing I.e,1.0
small Unmanned Aircraft System,1.0
Small-scale Vision,1.0
Smart Humanoid Mailbox,1.0
solar Panel Field Array Support System,1.0
solar Tablet Verbal,1.0
Solid Body,1.0
Solid Displacement,1.0
Solvent Extraction,1.0
solving Camera Intrinsic Parameters,1.0
Solving Method,1.0
Sound Amplification,1.0
Sound Creation,1.0
Sound Recording,1.0
sounding Device,1.0
South Pole Carriage,1.0
space-based Orbital-transfer Drone,1.0
Spaced Repeaters,1.0
speaker Equipment,1.0
special Hive,1.0
Special Honeycomb Base,1.0
Special Signal-measuring-bridge,1.0
Special Truck,1.0
Special-use Target Mark,1.0
Specific Body Resistance,1.0
Specific Resistance,1.0
Speech Recognition,1.0
speed Regulation Blade,1.0
Speed Setpoint,1.0
Sperm Withdrawal,1.0
Spike Robotic Arm,1.0
Spindle Engine Propeller,1.0
sprayable Compsn,1.0
Spreading Method,1.0
Spring-powered Guide Rails,1.0
Spurious Echos,1.0
Spy Drones Survillance Land Air Sea,1.0
Sqaud Fly,1.0
Square Outside,1.0
stabile Herbizide Zusammensetzungen,1.0
Stabilise Helicopter Multi-blade Rotor,1.0
stabilisierungsvorrichtung Und Diese Nutzendes Steuerungssystem FÃ¼r Eine Drohne,1.0
Stabilized Platform,1.0
Stable Ground,1.0
stand-off Disrupter Apparatus,1.0
standardisiertes Gelee Royale,1.0
Start/stop/lap Timing,1.0
Statistic Modulation Transfer Function,1.0
stealth Air Drone,1.0
steel Rail,1.0
steering Drive,1.0
Steering Wire Interface,1.0
Stereo Information,1.0
stereo Pair,1.0
Stereoscopic Vision,1.0
Stimulating Animal Bodies,1.0
Stimulating Immune Response,1.0
Stomach Cancer,1.0
Storage System,1.0
Storage System Packetises,1.0
Stowing Extra Drones,1.0
Strategic Drones,1.0
stripline Antenna,1.0
Structure Facades,1.0
Structure Fire Containment,1.0
structure Inspection System,1.0
Structure Light Vision Transducer,1.0
structure Optical Parameter,1.0
Structure Works,1.0
struttura Perfezionata Di Drone,1.0
subfloor Structure,1.0
Submarine Craft,1.0
submarine Drone,1.0
Submarine Observation Drone,1.0
submarine Self-contained Dynamic Structure,1.0
submarine Short-range Defense System,1.0
Subsidiarily Regulating Blood Sugar,1.0
Subterranean Operations,1.0
suction Device I.e,1.0
Sulfur Thiosulfuric Acid,1.0
sun Roof,1.0
sun-roop Assembly,1.0
supervision System,1.0
Supplement Vita-forze M,1.0
Support Arm Structure,1.0
Support Frame,1.0
Supporting Activity,1.0
Supporting Unit Supporting,1.0
Surface-bound Targets,1.0
Suspended Drone,1.0
swarm Trap,1.0
Swarming Slave Aircrafts,1.0
sxl-01 Top,1.0
Synchronised Control,1.0
Synchronous Via Two Shoes,1.0
system Mit Einer Lagervorrichtung Und Einer Aussetzvorrichtung FÃ¼r Unterwasserdrohnen,1.0
system Zur Bidirektionalen Optischen Vollduplex-freiraum-datenÃ¼bertragung,1.0
systeme D'autorisation D'arret Des Taches De Pilotage,1.0
systeme De Distribution Global D'energie Telle Que De L'hydrogene Liquide,1.0
Systeme De Localisation De Cibles Utilisant Un Tel Transpondeur,1.0
systeme De Reperage Dynamique,1.0
systeme Electronique,1.0
Systems Therefor,1.0
tactical Air Navigation Antenna System,1.0
tactical Drone,1.0
Take-off Assembly,1.0
take-off Vehicle,1.0
Taking Aerial Photographs,1.0
Taking Encarsia Formosa Gahan,1.0
Taking Measurements,1.0
tank Gun Phugoid Motion Target Drone,1.0
Tape Behind Drone,1.0
Target Car,1.0
target Drone Aerodynamic Layout,1.0
Target Flying,1.0
target Practice Rifle Laser Aligning Gear,1.0
Target Region,1.0
target Rotating Device,1.0
Target Searching,1.0
target-record Drone,1.0
task Equipment Installation Vehicle,1.0
tbm Tunnel Clearance Displacement,1.0
technical Control,1.0
technology Method,1.0
telematic Locomotive Microfluidic Analysis,1.0
teleoperation Method,1.0
telesopic Masthead,1.0
Television Camera Frame Frequency Drift,1.0
Terrain Relief,1.0
terrestrial Reference System,1.0
Territorial Bees,1.0
Terrorist Threats,1.0
test Target,1.0
Test Via,1.0
Testing Brake Performances,1.0
Testing Chalkbrood Disease-resisting Capability,1.0
therapeutic Medium,1.0
thermal Management,1.0
thiazolidinedionderivate Mit Antidiabetischen,1.0
Things-enabled Remote Controls,1.0
three -dimensional,1.0
Three-dimensional Colourful Digital System,1.0
three-dimensional In-situs Vision Measuring-value,1.0
three-wing Twin-airscrew Type Drone Uav Automatic Control System,1.0
Thrombus Medicament,1.0
Thrust Forces,1.0
thrust Vectoring Nozzle,1.0
Total Result,1.0
Touched-down Drone,1.0
Tracking Aerial Targets,1.0
Tracking Low-flying Targets,1.0
Tracking System,1.0
Trading System,1.0
Training Method,1.0
Transceiver Tag,1.0
transducer Matrix Film,1.0
Transfer Stimulating Factor,1.0
transmission Signal Shaping Systems,1.0
Transmission/reception Station,1.0
Transport System,1.0
Transportable Structures,1.0
Transportation-related Context,1.0
transverse Mounted Gas Turbine Engine,1.0
transverse-mounted Power Turbine Drive System,1.0
Treatment Fluids,1.0
Tricycle Landing Gear,1.0
Trim59 Protein,1.0
Triple-axis Ball Head,1.0
Tropical Cyclones,1.0
truffle Nutritional Tablets,1.0
Trunk-boring Insects,1.0
Trypanosoma Brucei Leucyl Trna Synthetase,1.0
tumbler Rotation Target Drone,1.0
Turbine Driving Depression,1.0
turbine Powered Personal Flight System,1.0
Turbine Speed,1.0
Turbojet Engine System,1.0
turbulence-free Camera System,1.0
twin-engine Aircraft,1.0
twin-engine Drone,1.0
twin-fuselage Rotorcraft Drone,1.0
Two Different Types Correlate,1.0
Two Opto-electronic Sensors,1.0
two Tier Verification System,1.0
Type Dodgem,1.0
Type Movable Target Drone,1.0
Uav Based Data,1.0
ultra Wide Band Navigation System,1.0
Ultrasound Telemetry,1.0
umbilical Constraint Mechanism,1.0
Un Objet,1.0
Un Tel Dispositif,1.0
unbemannter Hubschrauber,1.0
under-ice Fixed-depth Ice Breaking Bullet,1.0
Underground Utility,1.0
underwater Robotic Complex,1.0
Underwater Structure,1.0
Undesirable Overtones,1.0
Une Sonde De Mesure Embarquee,1.0
Unit Processing Signals,1.0
universal Quantitative Detection Method,1.0
universal Two-into-one Laser Sighting Device,1.0
unmanned Aerial Copter,1.0
Unmanned Aerial Power Plant Drone,1.0
unmanned Aerial System Drone Situational Awareness Flight Safety,1.0
unmanned Aerial Vehicle I.e,1.0
Unmanned Aerial Vehicle Launcher,1.0
Unmanned Aerial Vehicles uav),1.0
Unmanned Air Vehicle,1.0
Unmanned Aircraft,1.0
unmanned Combat Air Vehicle,1.0
Unmanned Delivery Service,1.0
unmanned Helicopter,1.0
unmanned Machine Real Time Target Information Solving Machine,1.0
Unmanned Reconnaissance Drones,1.0
Unmanned Ship,1.0
unmanned Vehicle Civil Communications Systems,1.0
Unter Wasser,1.0
Upper Propulsion Device,1.0
Urban Areas,1.0
User Input,1.0
User-action Based Command,1.0
Uses Transponder Echo Beacon,1.0
Validating Sequence,1.0
variable DÃ¤mpfung Der Haptischen RÃ¼ckkopplung FÃ¼r Die BewegungsÃ¼bertragung Bei Ã„nderung Der Fluglage Eines Luftfahrzeugs,1.0
Variable-rate Pesticide Spraying,1.0
Vast Propulsion,1.0
vehicle Drive Control Device,1.0
Vehicle Position,1.0
vehicle Sensor,1.0
Vent Duct,1.0
verfahren Und GerÃ¤t Zur Fernbedienung Einer Drohne,1.0
verfahren Und System Zum Erweitern Des Elektronischen Betriebsbereichs Eines Fahrzeugs,1.0
verfahren Und System Zur Gesicherten Autorisierung Der Aktivierung Einer Kritischen Funktion,1.0
verfahren Und Vorrichtung Zum Ausschalten Der Varroa-milben,1.0
verfahren Und Vorrichtung Zur Dateisicherung,1.0
verfahren Und Vorrichtung Zur Identifikation Und Neutralisierung Von Unterwasserminen,1.0
verfahren Und Vorrichtung Zur Themischen ÃœberprÃ¼fung Des Bauzustandes Von Windkraftanlangen,1.0
Verfahren Zu Deren Herstellung Und Pharmazeutischen Zusammenstellungen,1.0
Verfahren Zu Seiner Gewinnung Und Seine Verwendung,1.0
verfahren Zum Betrieb Einer Gastherme,1.0
verfahren Zum Orten Und RÃ¤umen Von Seeminen,1.0
verfahren Zum Starten Einer Drohne,1.0
verfahren Zur Ausbringung Eines Fallschirms,1.0
Vertical Flight,1.0
Vertical Force,1.0
Vertical Plane,1.0
Vertical Starting,1.0
verwendung Von Isatin- Und Oxindolderivaten Zur Herstellung Von Arzeneimittel FÃ¼r Die Behandlung Von Mykobakteriellen Erkrankungen,1.0
vibration Device,1.0
Video Camera Internal Parameters,1.0
Video Control Hardware,1.0
Video Stream,1.0
video Telemetry Apparatus,1.0
Viral Diseases,1.0
virtual Machine Asynchronous Patch Management,1.0
virtual Remote Functionality,1.0
Virtual World Advertising,1.0
Vision Field,1.0
Vision Sensors,1.0
Visual Stimulation,1.0
Vitalizing Properties,1.0
Vitamin D3,1.0
vitulin E,1.0
Voilure Tournante Avec Helices,1.0
Voilure Tournante De Type Quadricoptere,1.0
Voilure Tournante Muni D'une Camera Video Delivrant Des Sequences D'images Stabilisees,1.0
vorrichtung Zum Absetzen Und Wiederaufnehmen Einer Drohne,1.0
vorrichtung Zum Bergen Von Unbemannten Wiederverwendbaren Flugkoerpern,1.0
vorrichtung Zur Giersteuerung Einer DÃ¼se Mit Rechteckigem Austrittsquerschnitt,1.0
vorrichtung Zur Steuerungshilfe Eines GelÃ¤ndefahrzeugs,1.0
vorrichtung Zur Vernichtung Von Ankertauminen,1.0
Vue D'un Drone,1.0
Wall Supervising Guard,1.0
war Sub Drone War Subs,1.0
Warning Pilot,1.0
wasp Artificial Insemination Operation Method,1.0
Water Coarse Stream Image,1.0
Water Drop,1.0
Water Skier Controlled Drone,1.0
water Vehicles,1.0
wave-rider Configuration Unmanned Target Drone,1.0
Weapon Control Device,1.0
Wearable Personal Exoskeleton Heavy Load Flying Machine,1.0
Wheel Rims,1.0
wide Band Aerial,1.0
Widespread Commercialization,1.0
Wie Seeminen,1.0
Wild Bumblebee,1.0
wild Fire,1.0
Wind Generation Technologies,1.0
Wind Generator,1.0
wind Noise Reducing Device,1.0
wind Propulsion Power System,1.0
Wind Turbine Blades,1.0
Wind Turbines,1.0
windabweiser Zum Reagieren Auf Die Fahrzeuggeschwindigkeit,1.0
Wing Pneumatic Layout,1.0
wing Structure,1.0
wire-guided Assembly,1.0
Wireless Communication Network,1.0
wireless Communications Management System,1.0
Wireless Network,1.0
Wireless Power Transfer Systems,1.0
wireless Target Reading Remote Control Device,1.0
wireless Target Self-starting Operating System,1.0
Wound-healing Effect,1.0
Wound-healing Gel,1.0
x-ray Inspection,1.0
xiongfeng Wine,1.0
Yew Alcohol,1.0
zinc Electrode,1.0
zusammengesetzte Lautsprecheranordnung Und Verfahren Zu Deren Ansteuerung,1.0
zyklische Amin Derivate Von Substituierten Chinoxalin 2.3-dione Als Glutamat-rezeptor- Antagonisten,1.0
