applicants_organisations_only,n
THALES SA,75.0
ELWHA LLC,61.0
OSTERHOUT GROUP INC,53.0
BOEING CO,40.0
LOCKHEED CORP,40.0
GOOGLE INC,31.0
PARROT,29.0
RAYTHEON CO,28.0
WITRICITY CORP,27.0
EADS (various locations),26.0
US NAVY,25.0
FLIR SYSTEMS,23.0
SEARETTE LLC,21.0
AIRBUS GROUP SAS,20.0
ALL PURPOSE NETWORKS LLC,18.0
BRAIN CORP,18.0
IBM,18.0
HONEYWELL INT INC,17.0
AT & T IP I LP,15.0
DCNS,15.0
DIEHL GMBH & CO,14.0
EUROCOPTER FRANCE,14.0
AMAZON TECH INC,13.0
HALLIBURTON ENERGY SERVICES INC,13.0
MASSACHUSETTS INST TECHNOLOGY,13.0
MOTOROLA INC,13.0
OBSHESTVO S OGRANICHENNOJ OTVETSTVENNOSTJU PARAFARM,13.0
HAMILTON SUNDSTRAND CORP,12.0
US ARMY,12.0
ATLAS ELEKTRONIK GMBH,11.0
MICROSOFT CORP,11.0
SNECMA,11.0
UNIV CALIFORNIA,11.0
YAMAHA CORP,11.0
BAODING LONG TENG SPORTS GOODS CO LTD,10.0
HARSCO CORP,10.0
BOSE CORP,9.0
HYUNDAI MOTOR CO LTD,9.0
LEVEL 3 COMMUNICATIONS LLC,9.0
AEROSPATIALE,8.0
ALIPHCOM,8.0
G MASHINOSTROITEL NOE KB RADUGA IM A JA BEREZNJAKA AOOT,8.0
ION GEOPHYSICAL CORP,8.0
ITERIS INC,8.0
SENSORIA CORP,8.0
WICAB INC,8.0
ABBOTT DIABETES CARE INC,7.0
BEEOLOGICS INC,7.0
EAGLE VIEW TECHNOLOGIES INC,7.0
GEN ELECTRIC,7.0
KORPORATSIJA TAKTICHESKOE RAKE,7.0
LORD CORP,7.0
MBDA FRANCE,7.0
QUALCOMM INC,7.0
UNIV BEI HANG,7.0
DELTA DRONE,6.0
FRAUNHOFER GES FORSCHUNG,6.0
IGT RENO NEV,6.0
INSITU INC,6.0
L 3 COMM CORP,6.0
LFK GMBH,6.0
NEXTBIT SYSTEMS INC,6.0
RHEINMETALL GMBH,6.0
ROCKWELL COLLINS INC,6.0
SAGEM DEFENSE SECURITE,6.0
TRIMBLE NAVIGATION LTD,6.0
UNITED TECHNOLOGIES CORP,6.0
AEROVIRONMENT INC,5.0
ALCATEL LUCENT,5.0
ASTRIUM SAS,5.0
BAE,5.0
BAE SYSTEMS INFORMATION,5.0
BASF SE,5.0
FEDERAL NOE GUP MO O KB MARS FGUP MOKB MARS,5.0
FLORIDA TURBINE TECH INC,5.0
GREENHILL ANTIBALLISTICS CORP,5.0
HEXAGON TECHNOLOGY CT GMBH,5.0
HORUS VISION LLC,5.0
JULIET MARINE SYSTEMS INC,5.0
NORTHROP CORP,5.0
PJATIGORSKAJA G FARMATSEVTICHE,5.0
REAL TIME COMPANIES,5.0
SCHLUMBERGER CA LTD,5.0
SCHLUMBERGER TECHNOLOGY BV,5.0
UNIV ZHEJIANG,5.0
ACT LIGHTING DESIGN,4.0
AKADEMIJA,4.0
ANONOS INC,4.0
ATARI INC,4.0
BEE RES INST CAAS,4.0
CASE CORP,4.0
CASSIDIAN SAS,4.0
CGG SERVICES SA,4.0
COMMISSARIAT ENERGIE ATOMIQUE,4.0
CONNECTQUEST LLC,4.0
CONTRAVES AG,4.0
DAMBALLA INC,4.0
DISNEY ENTPR INC,4.0
DORNIER GMBH,4.0
EUROCOPTER DEUTSCHLAND,4.0
FEDERAL NOE G BJUDZHETNOE OBRAZOVATEL NOE UCHREZHDENIE VYSSHEGO PROFESSIONAL NOGO OBRAZOVANIJA STAVR,4.0
FORD GLOBAL TECH LLC,4.0
G OBRAZOVATEL NOE UCHREZHDENIE,4.0
GIAT IND SA,4.0
HYPERION BIOTECHNOLOGY,4.0
JADI INC,4.0
LIGHTENING ENERGY,4.0
LOHMANN THERAPIE SYST LTS,4.0
MILITARY WRAPS RES AND DEV INC,4.0
NEC CORP,4.0
OCEUS NETWORKS INC,4.0
PARALLEL WIRELESS INC,4.0
PERSONICS HOLDINGS INC,4.0
PROX DYNAMICS AS,4.0
PUY DU FOU INTERNAT,4.0
ROSSIJSKAJA FEDERATSIJA OT IM KOTOROJ VYSTUPAET MIN PROMY I TORGOVLI RF MINPROMTORG ROSSII,4.0
SAMSUNG THALES CO LTD,4.0
SHANGHAI BAORUI INFORMATION TECHNOLOGY DEV CO LTD,4.0
SICPA SECURITY INKS & SYSTEMS USA INC,4.0
SIEMENS AG,4.0
SKYBOX IMAGING INC,4.0
TERAHOP NETWORKS INC,4.0
TEXAS INSTRUMENTS INC,4.0
THOMSON CSF,4.0
THOMSON LICENSING,4.0
UNIV COLORADO REGENTS,4.0
UNIV NAT AGRARIAN,4.0
UNIV RUTGERS,4.0
UNIV WASHINGTON,4.0
US AGRICULTURE,4.0
ZD IM V A DEGTJAREVA AOOT,4.0
ZETTA RES AND DEV LLC FORC SERIES,4.0
AAI CORP,3.0
AEHROKON AOZT,3.0
APPLE INC,3.0
BAYER AG,3.0
BECKLIN HOLDINGS INC,3.0
BIOSPHERE AEROSPACE LLC,3.0
BOSCH GMBH ROBERT,3.0
CALSPAN CORP,3.0
CAST GROUP OF COMPANIES INC,3.0
CATERPILLAR INC,3.0
CENTRE NAT DE LA RECH SCIENT (CNRS),3.0
CHANG INDUSTRY INC,3.0
COLT CANADA CORP,3.0
DAHRWIN LLC,3.0
DAIMLER BENZ AG,3.0
DARTMOUTH COLLEGE,3.0
DEUTSCH ZENTR LUFT & RAUMFAHRT,3.0
DIGIMARC CORP,3.0
DINGZHOU CITY LISHENG SPORTS GOODS CO LTD,3.0
DONAN ENGINEERING CO INC,3.0
ELBIT SYSTEMS LTD,3.0
FAIRCHILD INDUSTRIES,3.0
FEDEX CORPORATE SERVICES INC,3.0
FORD NEW HOLLAND INC,3.0
GEORGIA TECH RES INST,3.0
GM GLOBAL TECH OPERATIONS INC,3.0
GRAVITEC INSTR LTD,3.0
GUIZHOU BOAN TECHNOLOGY CO LTD,3.0
HAAS INC JOHN I,3.0
INST FOREST ECOLOGY ENVIRONMENT & PROT CAF,3.0
ISRAEL STATE,3.0
KCF TECHNOLOGIES INC,3.0
KIETTA,3.0
KONINKL PHILIPS ELECTRONICS NV,3.0
KOREA ELECTRONICS TELECOMM,3.0
KRAUSS MAFFEI WEGMANN GMBH & C,3.0
LENOVO SINGAPORE PTE LTD,3.0
LG ELECTRONICS INC,3.0
MÃ†RSK OLIE OG GAS AS,3.0
MATSUSHITA ELECTRIC IND CO LTD,3.0
MENTOR SUBSEA TECH SERV INC,3.0
MESSERSCHMITT BOELKOW BLOHM,3.0
MITSUBISHI ELECTRIC CORP,3.0
NGUYEN GAMING LLC,3.0
OOO PARAFARM,3.0
POWER MEASUREMENT LTD,3.0
PRAD RES & DEV LTD,3.0
RECONROBOTICS INC,3.0
REDDYS LAB LTD DR,3.0
SAFT GROUPE SA,3.0
SAND 9 INC,3.0
SCHERING AG,3.0
SCHLUMBERGER SERVICES PETROL,3.0
SCIENCE APPLIC INT CORP,3.0
SHARE TECH SOFTWARE PTY LTD,3.0
SKYLIFE TECHNOLOGY HOLDINGS LLC,3.0
SYNABEE INC,3.0
SYNGENTA PARTICIPATIONS AG,3.0
THERANOS INC,3.0
UBIQOMM LLC,3.0
UNITED PARCEL SERVICE INC,3.0
UNIV BEIJING BUAA,3.0
UNIV COLUMBIA,3.0
UNIV KING ABDULLAH SCI & TECH,3.0
UNIV KING FAHD PET & MINERALS,3.0
UNIV MICHIGAN,3.0
UNIV MICHIGAN STATE,3.0
UNIV RAMOT,3.0
UNIV TIANJIN,3.0
UNIV TSINGHUA,3.0
US AIR FORCE,3.0
VERIZON PATENT & LICENSING INC,3.0
WARGAMING NET LLP,3.0
WESTERNGECO SEISMIC HOLDINGS,3.0
WESTINGHOUSE ELECTRIC CORP,3.0
ZAHNRADFABRIK FRIEDRICHSHAFEN,3.0
A P MÃ˜LLER MÃ†RSK AS,2.0
ABB TECHNOLOGY AG,2.0
ADACEL INC,2.0
ADDIBOTS LLC,2.0
AGRONOMIQUE INST NAT RECH,2.0
AIRGO DESIGN PTE LTD,2.0
AIX MARSEILLE UNIVERSITÃ,2.0
ALLIANT TECHSYSTEMS INC,2.0
ALLSTATE INSURANCE CO,2.0
AMERICAN TECH CORP,2.0
ANGEL ARMOR LLC,2.0
APPLIED CAVITATION INC,2.0
ARINC INC,2.0
ASCENTIA IMAGING INC,2.0
AURORA FLIGHT SCIENCES CORP,2.0
BAYER CROPSCIENCE AG,2.0
BBNT SOLUTIONS LLC,2.0
BEIJING WEIBIAOZHIYUAN TECHNOLOGY DEV CO LTD,2.0
BERG COMPANIES INC,2.0
BERTIN TECHNOLOGIES SA,2.0
BIMEDA INTERNAT PHARMACEUTICAL LTD,2.0
BIOBEST BELGIUM NV,2.0
BRITTMORE GROUP LLC,2.0
BSH BOSCH SIEMENS HAUSGERAETE,2.0
BY LIGHT PROFESSIONAL IT SERVICES,2.0
CASSIDIAN AIRBORNE SOLUTIONS GMBH,2.0
CESTRIAN IMAGING LTD,2.0
CETACEA NETWORKS CORP,2.0
CHENGDU CHENGKE XIONGDI HONEY INDUSTRY CO LTD,2.0
CHINA EWATT TECHNOLOGY CO LTD,2.0
CHINA RAILWAY BAOJI BRIDGE GROUP CO LTD,2.0
CHINESE ACAD INST AUTOMATION,2.0
CISCO TECH IND,2.0
CLARK EQUIPMENT CO,2.0
COMMW OF AUSTRALIA,2.0
COMMW SCIENT IND RES ORG,2.0
CONTI TEMIC MICROELECTRONIC,2.0
CONVIDA WIRELESS LLC,2.0
CROWN INT,2.0
CYGNUS THERAPEUTIC SYSTEMS,2.0
CYNETIC DESIGNS LTD,2.0
DAIMLER CHRYSLER AG,2.0
DEERE & CO,2.0
DH HOLDINGS CO LTD,2.0
DRAGANFLY INNOVATIONS INC,2.0
DRAGONFLY PICTURES INC,2.0
DRONE TECHNOLOGY PTE LTD,2.0
DRS SUSTAINMENT SYSTEMS INC,2.0
ECA,2.0
ELEMENT INC,2.0
EMPIRE TECHNOLOGY DEVELPMENT LLC,2.0
ENGINEERED PROPULSION SYSTEMS INC,2.0
F E RES & DEV LLC SA,2.0
FAIRCHILD WESTON SYSTEMS INC,2.0
FEDERAL NOE G KAZENNOE VOENNOE UCHREZHDENIE VYSSHEGO PROFESSIONAL NOGO OBRAZOVANIJA VOENNAJA AKADEMI,2.0
FEDERAL NOE GUP TSENTRAL NYJ AEHROGIDRODINAMICHESKIJ INST IM PROFESSORA N E ZHUKOVSKOGO FGUP TSAGI,2.0
FEV GMBH,2.0
FLEXTRONICS AP LLC,2.0
FLUIDION SAS,2.0
FOSTER MILLER INC,2.0
FUJIAN WEISHENG SECURITY EQUIPMENT TECHNOLOGY CO LTD,2.0
FUJITSU LTD,2.0
GAITHER TOOL COMPANY INC,2.0
GEOLA TECHNOLOGIES LTD,2.0
GOGO LLC,2.0
GRENZEBACH MASCHB GMBH,2.0
GRUMMAN AEROSPACE CORP,2.0
HELLER E & CO,2.0
HERAKLES,2.0
HICKSTECH CORP,2.0
HOFFMANN LA ROCHE,2.0
HOLOGRAPHICS INC,2.0
HON HAI PREC IND CO LTD,2.0
HUBEI HECHANG NEW MATERIAL TECHNOLOGY CO LTD,2.0
HUMAN GENOME SCIENCES INC,2.0
HUNCHUN GUOYAOBOCHENG TECHNOLOGY CO LTD,2.0
ICAHN SCHOOL MED MOUNT SINAI,2.0
INNALABS TECHNOLOGIES INC,2.0
INNOVATIVE AMERICAN TECHNOLOGY,2.0
INNURVATION INC,2.0
INST OF ROCK & SOIL MECH CAS,2.0
INST PLANT PROTECTION IPP CAAS,2.0
INST SUPERIEUR DE L AERONAUTIQUE ET DE L ESPACE,2.0
INT ELECTRONIC MACHINES CORP,2.0
INTEGRITY APPLIC INC,2.0
INTEL CORP,2.0
INTELLIGENT TECH INT INC,2.0
INTERNAT MULTI MEDIA CORP,2.0
ISRAEL AEROSPACE IND LTD,2.0
JIANGXI AGRICULTURAL UNIVERSITY INST OF BEE,2.0
JIANGXI HONGDU AVIAT IND GROUP,2.0
JIGABOT LLC,2.0
KESPRY INC,2.0
KOMATSU MFG CO LTD,2.0
KONGSBERG DEFENCE & AEROSPACE AS,2.0
KOREA AEROSPACE RES INST,2.0
KOREAN AIR LINES CO LTD,2.0
LAKESIDE LABS GMBH,2.0
LANXI HONGXIANG BIO TECHNOLOGY CO LTD,2.0
LENNOX MFG INC,2.0
LOGINED BV,2.0
LOGOS TECHNOLOGIES LLC,2.0
LUCASFILM ENTERTAINMENT CO LTD,2.0
MARKETS ALERT PTY LTD,2.0
MAX PLANCK GESELLSCHAFT,2.0
MBDA DEUTSCHLAND GMBH,2.0
MBFARR LLC,2.0
METAWAVE COMM CORP,2.0
METEO SYSTEMS INTERNAT AG,2.0
MITSUBISHI HEAVY IND LTD,2.0
MIZCO INTERNAT INC,2.0
MOLLER INT INC,2.0
MUTH K W CO INC,2.0
MYSPACE INC,2.0
NANJING SCIENCE & ENGINEERING,2.0
NANOCOMP TECHNOLOGIES INC,2.0
NANT HOLDINGS IP LLC,2.0
NCR CORP,2.0
NEOTERRA SYSTEMS INC,2.0
NEURALA INC,2.0
NEW WAY MACHINE COMPONENTS INC,2.0
NEXTER MUNITIONS,2.0
NEXTER SYSTEMS,2.0
NISSAN MOTOR,2.0
NORTHROP GRUMMAN CORP,2.0
NVIDIA CORP,2.0
NXP BV,2.0
ONERA (OFF NAT AEROSPATIALE,2.0
OPEN RANGE CONSULTING,2.0
OREGON STATE,2.0
PANASONIC CORP,2.0
PETRITECH INC,2.0
PHERO TECH INC,2.0
PHINERGY LTD,2.0
PHYSICAL DEVICES LLC,2.0
PHYSICAL OPTICS CORP,2.0
PICTOMETRY INT CORP,2.0
POLK INVESTMENT CORP,2.0
PORSCHE AG,2.0
PROCTER & GAMBLE,2.0
RAYTHEON UTD INC,2.0
RESOUND CORP,2.0
RESPINOVA LTD,2.0
REYLABS INC,2.0
ROBONIC LTD OY,2.0
ROLLS ROYCE,2.0
SAKTI3 INC,2.0
SANOFI SA,2.0
SHAANXI LAOQIANG TARGET CO LTD,2.0
SHAANXI LAOQIANG TECHNOLOGY ENGINEERING CO LTD,2.0
SHARPER SHAPE LTD,2.0
SHEET DYNAMICS LTD,2.0
SHENZHEN AEE AVIAT TECHNOLOGY CO LTD,2.0
SHINGY KK,2.0
SIGNATURE SCIENCE LLC,2.0
SILICIS TECHNOLOGIES INC,2.0
SINE WAVES INC,2.0
SMITHS AEROSPACE INC,2.0
SOIL IQ INC,2.0
STANFORD RES INST INT,2.0
SYSTEMS ENGINEERING TECHNOLOGIES CORP,2.0
SZ DJI TECHNOLOGY CO LTD,2.0
TECH DIRECTIONS INC,2.0
TELEPATHEYE INC,2.0
THALES DEFENCE DEUTSCHLAND GMBH,2.0
TIANJIN CHANGSONG FOOD CO LTD,2.0
TOYOTA ENG & MFG NORTH AMERICA,2.0
TRANSVOYANT LLC,2.0
TRICORD HOLDINGS LLC,2.0
TYRATECH INC,2.0
UNIV BEIJING AGRICULT,2.0
UNIV JOHNS HOPKINS,2.0
UNIV KOOKMIN IND ACAD COOP,2.0
UNIV LEEDS,2.0
UNIV LELAND STANFORD JUNIOR,2.0
UNIV NORTH CAROLINA,2.0
UNIV NORTHWESTERN,2.0
UNIV QINGHUA,2.0
UNIV TEXAS,2.0
UNIV WARWICK,2.0
UNIV YUNNAN,2.0
URTHECAST CORP,2.0
UT BATTELLE LLC,2.0
VALE SA,2.0
VOEGELE AG J,2.0
VOXX INT CORP,2.0
WESTERNGECO LLC,2.0
WORKING DRONES INC,2.0
XI AN AIRCRAFT DESIGN INST CHINA AVIAT IND CORP,2.0
XINAN TEACHER S UNIV,2.0
YUNNAN POWER GRID CO LTD,2.0
ZENECA LTD,2.0
ZHUHAI XINGYU MODEL IND CO LTD,2.0
21 CT INC,1.0
21ST CENTURY AIRSHIPS INC,1.0
360 HEROS INC,1.0
6115187 CANADA D B A IMMERVISION INC,1.0
ABB RESEARCH LTD,1.0
ACCENTURE GLOBAL SERVICES LTD,1.0
ACCESS BUSINESS GROUP INT LLC,1.0
ACCURATE AUTOMATION CORP,1.0
ACEA PHARM INC,1.0
ACTIVE AIR LTD,1.0
ADAPTIVE MUSIC FACTORY LLC,1.0
ADVANCED AMERICAN ENTPR LLC,1.0
ADVANCED INTERACTION INC,1.0
ADVANCED LIQUID LOGIC INC,1.0
ADVANCED OPTICAL SYSTEMS INC,1.0
ADVITECH INC,1.0
AEROBUGS PTY LTD,1.0
AEROSPY SENSE & AVOID TECHNOLOGY GMBH,1.0
AERYON LABS INC,1.0
AGCO CORP,1.0
AGFA GEVAERT NV,1.0
AGILE ENDOSURGERY INC,1.0
AGILENT TECHNOLOGIES INC,1.0
AGRI CON GMBH,1.0
AIBOTIX GMBH,1.0
AILIVE INC,1.0
AIROBOTICS LTD,1.0
AIRPHRAME INC,1.0
AJU CORP CO LTD,1.0
AKRON MOLECULES GMBH,1.0
ALAKAI TECHNOLOGIES CORP,1.0
ALCAN INT LTD,1.0
ALCIDE CORP,1.0
ALFA YUTA PROMPTING DEVELOMPMENT AND ADVANCED TECHNOLOGY LTD,1.0
ALIEN TOOL KIT SOFTWARE INC,1.0
ALLIED SIGNAL INC,1.0
ALLIEDSIGNAL ELAC NAUTIK GMBH,1.0
ALNYLAM PHARMACEUTICALS INC,1.0
ALPHAMED INC,1.0
ALPINEREPLAY INC,1.0
ALTOR LTD LC,1.0
ALUSUISSE LONZA SERVICES AG,1.0
ALZA CORP,1.0
AMERICAN SCIENCE & ENG INC,1.0
AMETEK AMERON LLC,1.0
AMGEN FREMONT INC,1.0
AMGEN INC,1.0
ANALOG DEVICES INC,1.0
ANDREW LLC,1.0
ANDY & BOB S CRAZY ENTPR INC,1.0
ANGEL SECURE NETWORKS INC,1.0
ANTIQUITY MUSIC LLC,1.0
AOL INC,1.0
APPAREO SYSTEMS LLC,1.0
APPLIED ELECTRONICS RES INST O,1.0
ARCH AERIAL LLC,1.0
ARCHEOPTIX BIOMEDICAL INC,1.0
ARCHETYPE TECHNOLOGIES INC,1.0
ARCIT LTD,1.0
ARETE ASSOCIATES,1.0
ARK IDEAZ INC,1.0
ARVINMERITOR TECHNOLOGY LLC,1.0
ASAHI GLASS CO LTD,1.0
ASK IND SPA,1.0
ASTRAZENECA AB,1.0
ASTRIUM GMBH,1.0
ATLAS BARBELL LLC,1.0
ATLAS ELEKTRONIK UK LTD,1.0
ATTOBAHN INC,1.0
AUCTION COM LLC,1.0
AUDIENCE ENTERTAINMENT LLC,1.0
AUDIO TECHNICA KK,1.0
AUDIOVOX CORP,1.0
AUNT BEA S BACKYARD BEEHIVES LLC,1.0
AURIZON OPERATIONS LTD,1.0
AVASENSOR LLC,1.0
AVAYA INC,1.0
AVENTIS PHARMA INC,1.0
AVIOWAN US INC,1.0
AZIMUTH TECHNOLOGIES LTD,1.0
B3 LLC,1.0
BAE SYSTEMS AUSTRALIA LTD,1.0
BAKER HUGHES INC,1.0
BARRETT TECHNOLOGY INC,1.0
BASF AG,1.0
BASF CHINA CO LTD,1.0
BASTILLE NETWORKS INC,1.0
BAY TEK GAMES INC,1.0
BAYER ANIMAL HEALTH GMBH,1.0
BAYER HEALTHCARE LLC,1.0
BBN TECHNOLOGIES CORP,1.0
BCB INT LTD,1.0
BEACONWATCH LLC,1.0
BEE INST CHINESE ACADEMY OF AG,1.0
BEIING AEROSPACE UNIV,1.0
BEIJING ACAD AGRIC & FORESTRY,1.0
BEIJING BAIHUA BEE PRODUCT TECHNOLOGY DEV CO LTD,1.0
BEIJING ECKMAN BIO TECH CO LTD,1.0
BEIJING HANGTIAN KEYI TECHNOLOGY CO LTD,1.0
BEIJING JUNXING RUILONG TECHNOLOGY DEV CO LTD,1.0
BEIJING TECHNOLOGY UNIV,1.0
BEIJING TIANHANG HUACHUANG SCIENCE & TECHNOLOGY CO LTD,1.0
BEIJING XINANTONG SHOOTING RANGE ARMING TECHNICAL CO LTD,1.0
BEIJING YANGSHEN BIOINFORMATIC TECHNOLOGY CO LTD,1.0
BELL HELICOPTER TEXTRON INC,1.0
BELL TRADING INC,1.0
BELTONE ELECTRONICS CORP,1.0
BERICO TAILORED SYSTEMS LLC,1.0
BIO KEY INT INC,1.0
BIOGLOW LLC,1.0
BIOMETRY INC,1.0
BIOSOLAR INC,1.0
BISCOTTI INC,1.0
BLACK RAM ENG SERVICES LLC,1.0
BLACKLIGHT POWER INC,1.0
BLACKNIGHT HOLDINGS LLC,1.0
BLACKSPACE INC,1.0
BLANCO GMBH & CO KG,1.0
BLUE RIVER TECHNOLOGY INC,1.0
BLUE TRIBE INC,1.0
BOREALIS TECH LTD,1.0
BOWLING BREEN STATE UNIVERSITY,1.0
BRAMMALL INC,1.0
BREATH RES INC,1.0
BRILLIANETOR LTD,1.0
BRITISH AEROSPACE,1.0
BROADCOM CORP,1.0
BRUPAT LTD,1.0
BUFFALO INC,1.0
C & P TECHNOLOGIES INC,1.0
C2 SYSTEMS LTD,1.0
CALIFORNIA INST OF TECHN,1.0
CANOPY CO INC,1.0
CARSAF LLC,1.0
CASSIDIAN COMMUNICATIONS INC,1.0
CASTLE CREATIONS INC,1.0
CATAPULT GROUP INTERNAT LTD,1.0
CELECTIVE SOURCE AB,1.0
CELINAR GAMES LLC,1.0
CENTRE NAT ETD SPATIALES,1.0
CENTURYLINK IP LLC,1.0
CHEMICAL BIOSENSORS INC,1.0
CHENG UEI PREC IND CO LTD,1.0
CHENGDU CHENGKE BROTHERS BEE INDUSTRY CO LTD,1.0
CHENGDU QUNXIA TECHNOLOGY CO LTD,1.0
CHENGDU YUYA SCIENCE & TECHNOLOGY CO LTD,1.0
CHINA ACADEMY OF AEROSPACE AER,1.0
CIBA GEIGY AG,1.0
CISCO TECH INC,1.0
CITRIX SYSTEMS INC,1.0
CIVITANAVI SYSTEMS LTD,1.0
CLEVIS FULCRUM LTD,1.0
CLIPCAST TECHNOLOGIES LLC,1.0
CLOWD LAB LLC,1.0
COGNEX TECH & INVESTMENT CORP,1.0
COLLEGE WILLIAM & MARY,1.0
COLT SYSTEMS LTD,1.0
COLUMBUS STATE UNIVERSITY RES SERVICE FOUNDATION INC,1.0
COMBAT ACTION LLC,1.0
COMMAND COLLEGE OF THE CHINESE,1.0
COMPAQ COMPUTER CORP,1.0
COMPOSITE ENGINEERING INC,1.0
CONSTRUC STANDARD TESTING CT CO LTD,1.0
CONTECH ENTPR INC,1.0
CONTENT ANALYST COMPANY LLC,1.0
CONTEXTUS LTD,1.0
CORNFIELD ELECTRONICS INC,1.0
CORTENDA AB,1.0
CORVENTIS INC,1.0
CRANFIELD AEROSPACE LTD,1.0
CREATIVE SEATING TECHNOLOGIES LLC,1.0
CUBIC CORP,1.0
CURIS INC,1.0
CWW GERKO AKUSTIK GMBH & CO KG,1.0
CYBERHAWK INNOVATIONS LTD,1.0
CYCLOPS TECHNOLOGIES INC,1.0
CYLENE PHARMACEUTICALS INC,1.0
DASSAULT AVIAT,1.0
DATAFLYTE INC,1.0
DECISION SCIENCES INT CORP,1.0
DECISIONGPS LLC,1.0
DEFENS TECH INTERNAT INC,1.0
DEJERO LABS INC,1.0
DENSO CORP,1.0
DESIGNLAW LTD,1.0
DIATECH PTY LTD,1.0
DIMENSION INC,1.0
DIRECT MARKETING SOFTWARE PTY LTD,1.0
DIVERSEY INC,1.0
DONG WHA PHARM CO LTD,1.0
DOSE PLAN INC,1.0
DOWN DEEP & UP LLC,1.0
DREAMSCAPE MEDICAL LLC,1.0
DRS TEST & ENERGY MAN LLC,1.0
DU PONT,1.0
DUNLYON R & D INC,1.0
DYNAMIT NOBEL AG,1.0
EBAY INC,1.0
ECOLE NATIONALE DES PONTS ET CHAUSSEES,1.0
ECOLE NATIONALE SUPERIEURE DE TECH AVANCEES BRETAGNE,1.0
ELECTRAWATCH INC,1.0
ELECTRONAIR LLC,1.0
ELECTRONIC ARTS INC,1.0
ELECTRONIC CREDIT SYSTEMS CORP,1.0
ELEVEN VISUAL LLC,1.0
ELILILLY AND COMPANY,1.0
ELITE POWER SOLUTIONS LLC,1.0
ELIX WIRELESS CHARGING SYSTEMS INC,1.0
ELTOPIA COMMUNICATIONS LLC,1.0
EMCORE SOLAR POWER INC,1.0
EMINENT TECHNOLOGY INC,1.0
ENERTROLS INC,1.0
ENVIRONX SOLUTIONS INC,1.0
EPHESUS LIGHTING INC,1.0
ERMI INC,1.0
ESURANCE INSURANCE SERVICES INC,1.0
ETHER DYNAMICS CORP,1.0
ETHICON INC,1.0
EURENCO FRANCE,1.0
EUROSIMTEC GMBH,1.0
EW SIMULATION TECHNOLOGY LTD,1.0
EXAGRID SYSTEMS INC,1.0
EXEDY CORP,1.0
EXOSECT LTD,1.0
EYE R SYSTEMS INC,1.0
EYESEE360 INC,1.0
FANWING LTD,1.0
FARMIGEA SPA,1.0
FARNSWORTH & BUDGE LLC,1.0
FEDERAL NOE G KAZENNOE UCHREZHDENIE 12 TSENTRAL NYJ NII MIN OBORONY RF,1.0
FEENEY WIRELESS LLC,1.0
FIRST RESOURCE MAN GROUP INC,1.0
FIRST SENSOR AG,1.0
FISCHER IMAGING CORP,1.0
FLORIDA INT UNIV BOARD TRUSTEES,1.0
FLYNEYE PTY LTD,1.0
FR LURSSEN WERFT GMBH & CO,1.0
FU HWA MACHINE CO LTD,1.0
FUGRO CANADA CORP,1.0
FUJI HEAVY IND LTD,1.0
FUJITSU TEN LTD,1.0
GABLER GMBH MASCHBAU,1.0
GATEWING NV,1.0
GEKE TECHNOLOGIE GMBH,1.0
GEN ATOMICS AERONAUTICAL SYSTEMS INC,1.0
GEN HOSPITAL CORP,1.0
GEN MOTORS CORP,1.0
GENDEX CORP,1.0
GENENTECH INC,1.0
GEORAMA INC,1.0
GEOSENSOR CORP,1.0
GEOSTELLAR INC,1.0
GFS CORP AUS PTY LTD,1.0
GIATEC SCIENT LTD,1.0
GIGAVAC LLC,1.0
GILEAD SCIENCES INC,1.0
GLENMARK GENERICS LTD,1.0
GLENMARK PHARMACEUTICALS LTD,1.0
GLOBAL AERIAL PLATFORMS LTD,1.0
GLOBAL GROUND SUPPORT LLC,1.0
GLYCOFI INC,1.0
GO TAXI TRUCK LLC,1.0
GOODRICH CORP,1.0
GRACO CHILDRENS PROD INC,1.0
GRAPHENE 3D LAB INC,1.0
GREEN BADGE LLC,1.0
GUANGZHOU FAST COMP SCIENCE AND TECHNOLOGY CO LTD,1.0
GUILFORD PHARM INC,1.0
GUMMIWERK KRAIBURG GMBH & CO KG,1.0
H4 ENG INC,1.0
HANKOOKIN INC,1.0
HARBIN JIANCHENG TASK TECHNOLOGY CO LTD,1.0
HARVARD COLLEGE,1.0
HCL TECHNOLOGIES LTD,1.0
HEARTTHROB EXHAUST INC,1.0
HEATWURX INC,1.0
HEBEI HUANHANG TECHNOLOGY CO LTD,1.0
HEBEI JIUXIN DISASTER REDUCTION EQUIPMENT RES INST,1.0
HEHAI UNIVERSITY CHANGZHOU,1.0
HEILONGJIANG RAOFENG NATIVE PRODUCE PROC CO LTD,1.0
HELMHOLTZ ZENTRUM MÃœNCHEN DEUTSCHES FORSCHUNGSZENTRUM FÃœR GESUNDHEIT UND UMWELT GMBH,1.0
HERRICK TECHNOLOGY LABS INC,1.0
HERZOG RAILROAD SERVICES INC,1.0
HGZ PATENTVERMARKTUNGS GMBH,1.0
HILEBEN CO LTD,1.0
HOME PRODUCERS NETWORK LLC,1.0
HONDA MOTOR CO LTD,1.0
HONEYWELL ELAC NAUTIK GMBH,1.0
HRL LAB LLC,1.0
HUGHES AIRCRAFT CO,1.0
HUNAN HEETIAN INFORMATION TECHNOLOGY CO LTD,1.0
HUNAN ZHONGYI AMUSEMENT EQUIPMENT CO LTD,1.0
HVLP02 LLC,1.0
HYDROACOUSTICS BRANCH OF MARITIME HYDROPHYSICAL INST OF THE NAT ACADEMY OF SCIENCES OF UKRAINE,1.0
HZHYTSKYI LVIV NAT UNIVERSITY OF VETERINARY MEDICINE AND BIOTECHNOLOGIES,1.0
HZO INC,1.0
IAC IN NAT UNIV CHUNGNAM,1.0
ICT RES LLC,1.0
IDEAL POWER INC,1.0
IKUNI INC A CORP,1.0
ILLUMAGEAR INC,1.0
IMAJE SA,1.0
IMMS INC,1.0
IMP INNOVATIONS LTD,1.0
IND ACADEMIC COOP,1.0
INDOORGO NAVIGATION SYSTEMS LTD,1.0
INDUSTRY ACADEMIC COOPERATION FOUNDATION AT NAMSEOUL UNIV,1.0
INFRARED CAMERAS INC,1.0
INGENIERIE DE RECH S ET D ETUDES EN HYDRODYNAMIQUE NAVAL PAR ABREVIATION SIREHNA SOC D,1.0
INGENIOUS VENTURES LLC,1.0
INNOPIX INC,1.0
INNOVATION INST LLC,1.0
INRIX INC,1.0
INSIGHTS INTERNAT HOLDINGS LLC DBA NAN TRAK IND,1.0
INST AUTOMATION HEILONGJIANG ACADEMY OF SCIENCES,1.0
INTERNAT AUTOMATED SYSTEMS INC,1.0
INTERPRAPHONE LIMITED,1.0
INTORA FIREBIRD HOLDINGS LTD,1.0
INTROSPECTIVE POWER INC,1.0
INVENTUS ENGINEERING GMBH,1.0
INVITROGEN CORP,1.0
ION POWER GROUP LLC,1.0
IP HOLDINGS INC,1.0
IP SERVICE KK,1.0
ISI LIFE SCIENCES INC,1.0
ISRAEL AIRCRAFT IND LTD,1.0
ITT MFG ENTERPRISES INC,1.0
IX INNOVATIONS LLC,1.0
JAGUAR LAND ROVER LTD,1.0
JENCAP RESEARCH LTD,1.0
JIANGSU EVATE SOFT CO LTD,1.0
JINAN HANGYINA SCIENCE AND TECHNOLOGY CO LTD,1.0
JOHNSON MANUFACTURING COMPANY,1.0
JPMORGAN CHASE BANK NA,1.0
JUNILAB INC,1.0
JURONG SHIPYARD PTE LTD,1.0
KAMA TECH HK LTD,1.0
KAMAN MUSIC CORP,1.0
KASAMA HELICOPTER CO LTD,1.0
KAWADA KOGYO KK,1.0
KEE ACTION SPORTS I LLC,1.0
KENWOOD CORP,1.0
KIA MOTORS CORP,1.0
KINZE MFG INC,1.0
KONARKA TECHNOLGIES INC,1.0
KOPIN CORP,1.0
KOREN RON SYSTEMS COMM LTD,1.0
KUBOTA KK,1.0
KUNSHAN HWAYUNG ELECTRONICS CO LTD,1.0
KYORIN SEIYAKU KK,1.0
KYOWA ELECTRONIC INSTR LTD,1.0
KYOWA HAKKO KOGYO KK,1.0
KYOWA YUKA KK,1.0
KYUNG AN WIRE & CABLE CO LTD,1.0
L 3 COMM INTEGRATED SYS LTD,1.0
LAMBDA 4 ENTWICKLUNGEN GMBH,1.0
LANDAUER INC,1.0
LASER TECHNOLOGY INC,1.0
LASERMAX INC,1.0
LATITUDE ENGINEERING LLC,1.0
LAVASTORM TECHNOLOGIES INC,1.0
LBE TECHNOLOGIES INC,1.0
LECO CORP,1.0
LEE MIN HEE,1.0
LEE SOO MIN,1.0
LEICA GEOSYSTEMS AG,1.0
LELY PATENT NV,1.0
LETUS CORP,1.0
LEVIATHAN ENTERTAINMENT LLC,1.0
LIFT TECHNOLOGIES INC,1.0
LIG NEX1 CO LTD,1.0
LILY ROBOTICS INC,1.0
LIONEL LLC,1.0
LITEL INSTR INC,1.0
LIVE MEDIA PTY LTD,1.0
LOGITECH EUROP SA,1.0
LONGEVITY BIOTECH INC,1.0
LORAL FAIRCHILD CORP,1.0
LORAL VOUGHT SYSTEMS CORP,1.0
LOS ALAMOS NAT SECURITY LLC,1.0
LS BERATUNGSBUERO LUBLOW GMBH,1.0
LSI INDUSTRIES INC,1.0
LUGOVATIONS LLC,1.0
LUK GETRIEBE SYSTEME GMBH,1.0
MA ANSHAN SAIDI INTELLIGENT TECHNOLOGY CO LTD,1.0
MAANSHAN AHUT IND TECHNOLOGY RES INST CO LTD,1.0
MACKIE DESIGNS INC,1.0
MAHLE FILTER SYSTEMS JP CORP,1.0
MAKEFIELD LLC,1.0
MALLOY AERONAUTICS LTD,1.0
MANNESMANN SACHS AG,1.0
MAPI PHARMA HOLDINGS CYPRUS LTD,1.0
MATTERPORT INC,1.0
MAX SOUND CORP,1.0
MAXWELL CONSULTING LLC,1.0
MBDA UK LTD,1.0
MC DONNELL DOUGLAS CORP,1.0
MEADOW HILLS LLC,1.0
MEDALLION INSTRUMENTATION SYSTEMS LLC,1.0
MEDAPPIT LLC,1.0
MEDICAL PRIVACY SOLUTIONS LLC,1.0
MEGA TRAX CORP,1.0
MEIJI SEIKA PHARMA CO LTD,1.0
MEMSIC INC,1.0
MERITOR HEAVY VEHICLE SYS LTD,1.0
META C CORP,1.0
METHODIST HOSPITAL RES INST,1.0
MICRO MOBIO CORP,1.0
MICRODRONES GMBH,1.0
MICROSOFT TECHNOLOGY LICENSING LLC,1.0
MICROSTRATEGY INC,1.0
MINGGUANG HAOHAO BEES CO LTD,1.0
MINISTRY OF NAT DEFENSE,1.0
MIRAVEO INC,1.0
MITRE CORP,1.0
MOER POWER BEIJING TECHNOLOGY CO LTD,1.0
MONFORD AG SYSTEMS LTD,1.0
MORGAN AIRCRAFT LLC,1.0
"MSG MARINE- UND SONDERTECHNIK GMBH, 2800 BREMEN, DE",1.0
MUTUALINK INC,1.0
N2 GLOBAL SOLUTIONS INC,1.0
NAGRAVISION SA,1.0
NANHUA MIYILU NATURAL FOOD DEV CO LTD,1.0
NANJING HJ JINYUAN OPTOELECTRONIC MATERIAL CO LTD,1.0
NANJING YOURUICHUANG INTELLIGENT TECHNOLOGY CO LTD,1.0
NANTMOBILE LLC,1.0
NATUREWISE BIOTECH & MEDICALS CORP,1.0
NAVISTAR INT CORP,1.0
NAVTEQ NORTH AMERICA LLC,1.0
NCI SWISSNANOCOAT SA,1.0
NEC EUROPE LTD,1.0
NES & TEC CO LTD,1.0
NEURIC TECHNOLOGIES LLC,1.0
NEWCARE PRODUCTS LLC,1.0
NEWMARK INC,1.0
NINE IP LTD,1.0
NINTENDO CO LTD,1.0
NO 60 RES INST OF GENERAL STAF,1.0
NOD APIARY PRODUCTS LTD,1.0
NOKIA CORP,1.0
NORTEL NETWORKS LTD,1.0
NORTON MOTORS LIMITED,1.0
NOVARTIS AG,1.0
NOVARTIS PHARMA GMBH,1.0
NPC ROBOTICS CORP,1.0
NUMBERGUN LLC A UTAH LTD LIABILITY COMPANY,1.0
OAHU GROUP LLC,1.0
OCADO INNOVATION LTD,1.0
OIL CROPS RES INST CAAS,1.0
ONDECK DIGITAL LLC,1.0
ONKYO SOUND & VISION CORP,1.0
OOMA INC,1.0
OPEN INVENTION NETWORK LLC,1.0
OPTOSENSE TECHNOLOGIES INC,1.0
ORIGIN WIRELESS COMMUNICATIONS INC,1.0
ORIONS DIGITAL SYSTEMS INC,1.0
OSPREY GLOBAL SOLUTIONS LLC,1.0
OTOY INC,1.0
OUTER RIM DEVELOPMENTS PTY LTD,1.0
OVE ARUP PARTNERSHIP LTD,1.0
P TECH LLC,1.0
PANASONIC ELECTRIC IND CO LTD,1.0
PARAFARM LLC,1.0
PATHOLOGY ASSOCIATES MEDICAL LAB LLC,1.0
PCTEL INC,1.0
PEACH STATE LABS INC,1.0
PEARSON ENG LTD,1.0
PEGASUS AVIAT TECHNOLOGY CO LTD,1.0
PERSPECTIVE ROBOTICS GMBH,1.0
PETROLEUM GEO SERVICES US INC,1.0
PFIZER,1.0
PHANTOM AG LTD,1.0
PHARMAZELL GMBH,1.0
PHASENET WIRELESS COMM CORP,1.0
PIEDRA SOMBRA CORP INC,1.0
PLA AIR FORCE AVIAT UNIVERSITY,1.0
PLANT GENETIC SYSTEMS NV,1.0
PLAY MY TONE LTD,1.0
PODENERGY INC,1.0
POINTSOURCE AUDIO INC,1.0
POLYCEED INC,1.0
POLYTEC AUTOMOTIVE GMBH & CO KG,1.0
POSITION IMAGING INC,1.0
POWERSET INC,1.0
PRICE LTD E H,1.0
PRIMARY MARKING SYSTEMS INC,1.0
PRODUCTION RESOURCE GROUP LLC,1.0
PROSPECTIVE CONCEPTS AG,1.0
PROVIVI INC,1.0
PURE TECHNOLOGIES LTD,1.0
PUU JIUH CO LTD,1.0
QFO LABS INC,1.0
QINETIQ NORTH AMERICA INC,1.0
QORTEK INC,1.0
RADIATION MEDICAL INST ACADEMY,1.0
RAINDANCE SYSTEMS PTY LTD,1.0
RAM IND DESIGN INC,1.0
RAVEN IND INC,1.0
RAYSAT INC,1.0
RAYTHEON COMPANY WALTHAM MA,1.0
REMTCS INC,1.0
RENJI HOSPITAL AFFILIATED TO SHANGHAI JIAOTONG UNIV SCHOOL MEDICINE,1.0
RENK AG,1.0
REPRESENTED BY THE SECRETARY OF THE NAVY UNITED STATES GOVERNMENT AS,1.0
RESONANCE TECHNOLOGY INC,1.0
RHEINMETALL DEFENCE ELECT GMBH,1.0
RHEINMETALL LANDSYSTEME GMBH,1.0
RHODIA CHIMIE SA,1.0
RIIP INC,1.0
ROBODUB INC,1.0
ROBOTIC RES LLC,1.0
ROSS BAGPIPE REEDS PTY LTD,1.0
ROWAN UNIVERSITY,1.0
ROWBOT SYSTEMS LLC,1.0
ROY G BIV CORP,1.0
ROYAL THAI NAVY,1.0
SAAB SENSIS CORP,1.0
SADAR 3D INC,1.0
SAFE FRONTIER LLC,1.0
SAMICK MUSIC CORP,1.0
SAMSUNG TECHWIN CO LTD,1.0
SANDOZ AG,1.0
SARATOGA DATA SYSTEMS INC,1.0
SATURN CORP,1.0
SCHIEBEL IND AG,1.0
SCHLOEMANN SIEMAG AG,1.0
SCHOOLER EVE M,1.0
SCHUBERTH WERK GMBH,1.0
SCIENCE & TECHNOLOGY CORP,1.0
SCOTT TECH INC,1.0
SD SCIENCE & DEV SA,1.0
SDGI HOLDINGS INC,1.0
SEARS BRANDS LLC,1.0
SEEKTECH INC,1.0
SEESCAN INC,1.0
SEGA CORP,1.0
SENSEFLY LTD,1.0
SENTRUS INC,1.0
SEPARATION DESIGN GROUP LLC,1.0
SEQUITUR LABS INC,1.0
SERI ENTPR CO LTD,1.0
SHANGHAI PUBLIC SECURITY JUNIOR COLLEGE,1.0
SHANGHAI YIWANTE TRAINING EQUIPMENT TECHNOLOGY CO LTD,1.0
SHELFFLIP INC,1.0
SHENZHEN HUALIN CIRCUIT TECHNOLOGY CO LTD,1.0
SHILAT IMAGING LTD,1.0
SIEMENS INDUSTRY INC,1.0
SIEMENS MEDICAL SYSTEMS INC,1.0
SIEMENS VDO AUTOMOTIVE INC,1.0
SIKORSKY AIRCRAFT CORP,1.0
SILVER SPRING NETWORKS INC,1.0
SIRION BIOTECH GMBH,1.0
SIRIUS XM RADIO INC,1.0
SK CHEMICALS CO LTD,1.0
SKUR INC,1.0
SKY IND INC,1.0
SKYDIO INC,1.0
SKYPERSONIC,1.0
SKYSENSE INC,1.0
SKYWIND INC,1.0
SMART DRILLING AND COMPLETION INC,1.0
SMARTLAB PTE LTD,1.0
SMARTY LAB CO LTD,1.0
SMITHKLINE BEECHAM PLC,1.0
SMITHS DETECTION EDGEWOOD INC,1.0
SOLAR SAILOR PTY LTD,1.0
"SONOSCAN, INC",1.0
SONY COMP ENTERTAINMENT INC,1.0
SOUNDS RESOURCES INC,1.0
SOUTH CHINA AIRCRAFT INDUSTRY CO LTD OF CHINA AVIAT INDUSTRY GENERAL AIRCRAFT CO LTD,1.0
SOUTHERN ELECTRICAL EQUIPMENT COMPANY INC,1.0
SOUTHWEST RES INST OF CREC,1.0
SPACEDEV INC,1.0
SPANSION LLC,1.0
SPARTON CORP,1.0
SPATIAL INFORMATION SYSTEMS RES LTD,1.0
SPECIAL PLAST AB,1.0
SPILLCONSULT LTD,1.0
SPIRIT INTERNATIONAL INC,1.0
SPRIG INC,1.0
SSHL INC,1.0
SSZ CAMOUFLAGE TECHNOLOGY AG,1.0
STARCAM SYSTEMS INC,1.0
STATE GRID CORP CHINA,1.0
STERILIZ LLC,1.0
STERLING INT INC,1.0
STOLAR RES CORP,1.0
SUNDSTRAND CORP,1.0
SWIFT ENGINEERING INC,1.0
SYMANTEC CORP,1.0
SYMBOL TECHNOLOGIES INC,1.0
SYNERGISTIX LLC,1.0
SYNERGY ELEMENTS INC,1.0
SYNGENTA CROP PROTECTION LLC,1.0
SYNPOWER CO LTD SYNPOWER CO LT,1.0
SYSTEMS ENGINEERING ASSOCIATES CORP,1.0
SYSTEMS INC DR,1.0
TACHYON NETWORKS INC,1.0
TAYSIDE TRADING LTD,1.0
TECHNOLOGY INTERNAT INC,1.0
TELEJET KOMMUNIKATIONS GMBH,1.0
TELVENT USA LLC,1.0
TENNOR THERAPEUTICS LTD,1.0
TERRAVION LLC,1.0
TESAT SPACECOM GMBH & CO KG,1.0
TEXAS A & M UNIV SYS,1.0
THALIA CAPOS LLC,1.0
THE UNIVERSITY OF SYDNEY,1.0
THERMOTEKNIX SYSTEMS LTD,1.0
THYSSENKRUPP PRESTA TECCT AG,1.0
TI SWISS SA,1.0
TIANJIN JIANSHANG SCIENCE & TECHNOLOGY CO LTD,1.0
TOA CORP,1.0
TOAGOSEI CO LTD,1.0
TOKAI TRADING CO LTD,1.0
TOPCON CORP,1.0
TORQUING GROUP LTD,1.0
TORREY PINES LOGIC INC,1.0
TOTAL SA,1.0
TOYOTA AUTOCAR LTD,1.0
TOYOTA MOTOR CO LTD,1.0
TRACK WORK PRODUCTS INC,1.0
TRACOR AEROSPACE INC,1.0
TREX ENTPR CORP,1.0
TRIVEC AVANT CORP,1.0
TRUEPATH HOLDINGS LLC,1.0
TRUSTPOINT INNOVATION TECHNOLOGIES LTD,1.0
TTI TACTICAL TECHNOLOGIES INC,1.0
TULA TECHNOLOGY INC,1.0
TWILIGHT LABS INC,1.0
UCL BIOMEDICA PLC,1.0
UHLIG LLC,1.0
UNDER ARMOUR INC,1.0
UNICELL LLC,1.0
UNISYS CORP,1.0
UNITED DYNAMICS ADVANCED TECHNOLOGIES CORP,1.0
UNIV ABERDEEN,1.0
UNIV ALABAMA,1.0
UNIV AMERICA CATHOLIC,1.0
UNIV ARIEL RES & DEV CO LTD,1.0
UNIV ARIZONA,1.0
UNIV BAR ILAN,1.0
UNIV BEIJING,1.0
UNIV BEIJING AERONAUTIC & AEROSPACE,1.0
UNIV BEIJING CIVIL ENGINEERING & ARCHITECTURE,1.0
UNIV BOLOGNA ALMA MATER,1.0
UNIV BOSTON,1.0
UNIV BOWLING GREEN STATE,1.0
UNIV BRISTOL,1.0
UNIV BRUXELLES,1.0
UNIV CARNEGIE MELLON,1.0
UNIV CASE WESTERN RESERVE,1.0
UNIV CHANGCHUN SCIENCE & TECH,1.0
UNIV CHONGQING JIAOTONG,1.0
UNIV CITY,1.0
UNIV CITY HONG KONG,1.0
UNIV COMPIEGNE TECH,1.0
UNIV CORNELL,1.0
UNIV CRETE,1.0
UNIV DANMARKS TEKNISKE,1.0
UNIV DENVER,1.0
UNIV DUKE,1.0
UNIV FLORIDA,1.0
UNIV FRASER SIMON,1.0
UNIV GENT,1.0
UNIV HARBIN POLYTECHNIC,1.0
UNIV HUAZHONG SCIENCE TECH,1.0
UNIV HUELVA,1.0
UNIV JILIANG CHINA,1.0
UNIV JILIN,1.0
UNIV JILIN AGRICULTURAL,1.0
UNIV KANSAS STATE,1.0
UNIV KOREA RES & BUS FOUND,1.0
UNIV LIAONING MEDICAL,1.0
UNIV MARYLAND BIOTECH INST,1.0
UNIV MASSACHUSETTS,1.0
UNIV MEDITERRANEE,1.0
UNIV MIAMI,1.0
UNIV MONTPELLIER 2,1.0
UNIV NAGOYA NAT UNIV CORP,1.0
UNIV NANJING AERONAUTICS,1.0
UNIV NAT AVIATION,1.0
UNIV NAT PHARMACEUTICAL,1.0
UNIV NEVADA,1.0
UNIV NEW YORK,1.0
UNIV NEW YORK STATE RES FOUND,1.0
UNIV NORTH DAKOTA,1.0
UNIV NORTHWEST A&F,1.0
UNIV ODESA STATE MEDICAL,1.0
UNIV OR MARYLAND BALTIMORE COUNTY,1.0
UNIV PITTSBURGH,1.0
UNIV RUSH MEDICAL CENTER,1.0
UNIV SCRANTON,1.0
UNIV SHANGHAI ENG SCIENCE,1.0
UNIV SHANGHAI FISHERIES,1.0
UNIV SHANGHAI JIAOTONG,1.0
UNIV SOUTH CHINA TECH,1.0
UNIV SUN YAT SEN,1.0
UNIV TEXAS TECH,1.0
UNIV TUFTS,1.0
UNIV UTAH RES FOUND,1.0
UNIV WUHAN,1.0
UNIV XIAMEN,1.0
UNIV XIHUA,1.0
UNIV YUNNAN AGRICULTURAL,1.0
UNMANNED INNOVATION INC,1.0
UTEC SURVEY INC,1.0
UUMBRA LLC,1.0
VALENT BIOSCIENCE CORP,1.0
VASCUACTIVE LTD,1.0
VAW VER ALUMINIUM WERKE AG,1.0
VECTORNAV TECHNOLOGIES LLC,1.0
VELOCITY MAGNETICS INC,1.0
VENTUREDYNE LTD,1.0
VERSATRON CORP,1.0
VEXTEC CORP,1.0
VIA INC,1.0
VIVOMETRICS INC,1.0
VIXS SYSTEMS INC,1.0
VM ROBOT INC,1.0
VOLKSWAGEN AG,1.0
VOLO GMBH E,1.0
VRINGO INC,1.0
VT IDIRECT INC,1.0
WABA FUN LLC,1.0
WARNER CHILCOTT CO INC,1.0
WARSAW UNIV OF LIFE SCIENCES,1.0
WELLAWARE HOLDINGS INC,1.0
WILLIAMS AEROSPACE INC,1.0
WINEHAWK INC,1.0
WISTRON CORP,1.0
WITCO GMBH,1.0
WITZENMANN GMBH,1.0
WMDTECH SERVICES LLC,1.0
WMS GAMING INC,1.0
WUXI BEIDOUXINGTONG INF TECHNOLOGY CO LTD,1.0
WYETH CORP,1.0
XCORP INC,1.0
XEROX CORP,1.0
XI CHUAN BIGIT INC,1.0
XIAN HUANIC OPTOELECTRONIC CORP,1.0
XIANHENG INTERNAT HANGZHOU AVIAT AUTOMATION CO LTD,1.0
XINJIANG INST OF TECHNOLOGY C,1.0
XISOM CO LTD,1.0
XTREME ADS LTD,1.0
YAHOO INC,1.0
YAHOO JAPAN CORP,1.0
YAMAHA MOTOR CO LTD,1.0
YANCHENG HUAIYUAN BEE TECHNOLOGY DEV CO LTD,1.0
YORK IND INC,1.0
YOUYANG COUNTY YUANLI ECOLOGICAL BREEDING CO LTD,1.0
YUXIN TECHNOLOGY SUZHOU CO LTD,1.0
ZHEJIANG ACADEMY OF TRADITIONAL CHINESE MEDICINE,1.0
ZHEJIANG KONGXING AIRCRAFT TECHNOLOGY CO LTD,1.0
ZHEJIANG ZHONGHANG ELECTRONIC CO LTD,1.0
ZHENGZHOU HIGHWAY ENGINEERING COMPANY,1.0
ZHIJIANG COLLEGE OF ZHEJIANG UNIV TECHNOLOGY,1.0
ZHUHAI GREE ENERGY SAVING & REFRIGERATING TECHNOLOGY RESARCH CT CO LTD,1.0
ZHUZHOU CSR TIMES ELEC CO LTD,1.0
ZONA TECHNOLOGY INC,1.0
